06:30:49 [INFO] main: Initializing bot in PAPER mode
06:30:49 [INFO] main: Bot started. Press Ctrl+C to stop.
06:30:49 [INFO] main: Scanning 12 pairs for signals...
06:30:49 [ERROR] core.data_fetcher: Candles unavailable for 1000PEPEUSDT 15m on both spot and futures
06:30:49 [ERROR] core.data_fetcher: Candles unavailable for 1000PEPEUSDT 1h on both spot and futures
06:30:49 [ERROR] core.data_fetcher: Candles unavailable for 1000PEPEUSDT 4h on both spot and futures
06:30:49 [ERROR] core.data_fetcher: Candles unavailable for FIGHTUSDT 15m on both spot and futures
06:30:49 [ERROR] core.data_fetcher: Candles unavailable for FIGHTUSDT 1h on both spot and futures
06:30:49 [ERROR] core.data_fetcher: Candles unavailable for FIGHTUSDT 4h on both spot and futures
06:30:49 [ERROR] core.data_fetcher: Candles unavailable for GALAUSDT 15m on both spot and futures
06:30:49 [ERROR] core.data_fetcher: Candles unavailable for GALAUSDT 1h on both spot and futures
06:30:49 [ERROR] core.data_fetcher: Candles unavailable for GALAUSDT 4h on both spot and futures
06:30:49 [ERROR] core.data_fetcher: Candles unavailable for XANUSDT 15m on both spot and futures
06:30:49 [ERROR] core.data_fetcher: Candles unavailable for XANUSDT 1h on both spot and futures
06:30:49 [ERROR] core.data_fetcher: Candles unavailable for XANUSDT 4h on both spot and futures
06:30:49 [ERROR] core.data_fetcher: Candles unavailable for 1000BONKUSDT 15m on both spot and futures
06:30:49 [ERROR] core.data_fetcher: Candles unavailable for 1000BONKUSDT 1h on both spot and futures
06:30:49 [ERROR] core.data_fetcher: Candles unavailable for 1000BONKUSDT 4h on both spot and futures
06:30:49 [ERROR] core.data_fetcher: Candles unavailable for BLESSUSDT 15m on both spot and futures
06:30:49 [ERROR] core.data_fetcher: Candles unavailable for BLESSUSDT 1h on both spot and futures
06:30:49 [ERROR] core.data_fetcher: Candles unavailable for BLESSUSDT 4h on both spot and futures
06:30:49 [ERROR] core.data_fetcher: Candles unavailable for JCTUSDT 15m on both spot and futures
06:30:49 [ERROR] core.data_fetcher: Candles unavailable for JCTUSDT 1h on both spot and futures
06:30:49 [ERROR] core.data_fetcher: Candles unavailable for JCTUSDT 4h on both spot and futures
06:30:49 [ERROR] core.data_fetcher: Candles unavailable for TRUUSDT 15m on both spot and futures
06:30:49 [ERROR] core.data_fetcher: Candles unavailable for TRUUSDT 1h on both spot and futures
06:30:49 [ERROR] core.data_fetcher: Candles unavailable for TRUUSDT 4h on both spot and futures
06:30:49 [ERROR] core.data_fetcher: Candles unavailable for PENGUUSDT 15m on both spot and futures
06:30:49 [ERROR] core.data_fetcher: Candles unavailable for PENGUUSDT 1h on both spot and futures
06:30:49 [ERROR] core.data_fetcher: Candles unavailable for PENGUUSDT 4h on both spot and futures
06:30:49 [ERROR] core.data_fetcher: Candles unavailable for BOMEUSDT 15m on both spot and futures
06:30:49 [ERROR] core.data_fetcher: Candles unavailable for BOMEUSDT 1h on both spot and futures
06:30:49 [ERROR] core.data_fetcher: Candles unavailable for BOMEUSDT 4h on both spot and futures
06:30:49 [ERROR] core.data_fetcher: Candles unavailable for MEMEUSDT 15m on both spot and futures
06:30:49 [ERROR] core.data_fetcher: Candles unavailable for MEMEUSDT 1h on both spot and futures
06:30:49 [ERROR] core.data_fetcher: Candles unavailable for MEMEUSDT 4h on both spot and futures
06:30:49 [ERROR] core.data_fetcher: Candles unavailable for GPSUSDT 15m on both spot and futures
06:30:49 [ERROR] core.data_fetcher: Candles unavailable for GPSUSDT 1h on both spot and futures
06:30:49 [ERROR] core.data_fetcher: Candles unavailable for GPSUSDT 4h on both spot and futures
06:31:49 [INFO] main: Scanning 12 pairs for signals...
06:31:49 [ERROR] core.data_fetcher: Candles unavailable for 1000PEPEUSDT 15m on both spot and futures
06:31:49 [ERROR] core.data_fetcher: Candles unavailable for 1000PEPEUSDT 1h on both spot and futures
06:31:49 [ERROR] core.data_fetcher: Candles unavailable for 1000PEPEUSDT 4h on both spot and futures
06:31:49 [ERROR] core.data_fetcher: Candles unavailable for FIGHTUSDT 15m on both spot and futures
06:31:49 [ERROR] core.data_fetcher: Candles unavailable for FIGHTUSDT 1h on both spot and futures
06:31:49 [ERROR] core.data_fetcher: Candles unavailable for FIGHTUSDT 4h on both spot and futures
06:31:49 [ERROR] core.data_fetcher: Candles unavailable for GALAUSDT 15m on both spot and futures
06:31:49 [ERROR] core.data_fetcher: Candles unavailable for GALAUSDT 1h on both spot and futures
06:31:49 [ERROR] core.data_fetcher: Candles unavailable for GALAUSDT 4h on both spot and futures
06:31:49 [ERROR] core.data_fetcher: Candles unavailable for XANUSDT 15m on both spot and futures
06:31:49 [ERROR] core.data_fetcher: Candles unavailable for XANUSDT 1h on both spot and futures
06:31:49 [ERROR] core.data_fetcher: Candles unavailable for XANUSDT 4h on both spot and futures
06:31:49 [ERROR] core.data_fetcher: Candles unavailable for 1000BONKUSDT 15m on both spot and futures
06:31:49 [ERROR] core.data_fetcher: Candles unavailable for 1000BONKUSDT 1h on both spot and futures
06:31:49 [ERROR] core.data_fetcher: Candles unavailable for 1000BONKUSDT 4h on both spot and futures
06:31:49 [ERROR] core.data_fetcher: Candles unavailable for BLESSUSDT 15m on both spot and futures
06:31:49 [ERROR] core.data_fetcher: Candles unavailable for BLESSUSDT 1h on both spot and futures
06:31:49 [ERROR] core.data_fetcher: Candles unavailable for BLESSUSDT 4h on both spot and futures
06:31:49 [ERROR] core.data_fetcher: Candles unavailable for JCTUSDT 15m on both spot and futures
06:31:49 [ERROR] core.data_fetcher: Candles unavailable for JCTUSDT 1h on both spot and futures
06:31:49 [ERROR] core.data_fetcher: Candles unavailable for JCTUSDT 4h on both spot and futures
06:31:49 [ERROR] core.data_fetcher: Candles unavailable for TRUUSDT 15m on both spot and futures
06:31:49 [ERROR] core.data_fetcher: Candles unavailable for TRUUSDT 1h on both spot and futures
06:31:49 [ERROR] core.data_fetcher: Candles unavailable for TRUUSDT 4h on both spot and futures
06:31:49 [ERROR] core.data_fetcher: Candles unavailable for PENGUUSDT 15m on both spot and futures
06:31:49 [ERROR] core.data_fetcher: Candles unavailable for PENGUUSDT 1h on both spot and futures
06:31:49 [ERROR] core.data_fetcher: Candles unavailable for PENGUUSDT 4h on both spot and futures
06:31:49 [ERROR] core.data_fetcher: Candles unavailable for BOMEUSDT 15m on both spot and futures
06:31:49 [ERROR] core.data_fetcher: Candles unavailable for BOMEUSDT 1h on both spot and futures
06:31:49 [ERROR] core.data_fetcher: Candles unavailable for BOMEUSDT 4h on both spot and futures
06:31:49 [ERROR] core.data_fetcher: Candles unavailable for MEMEUSDT 15m on both spot and futures
06:31:49 [ERROR] core.data_fetcher: Candles unavailable for MEMEUSDT 1h on both spot and futures
06:31:49 [ERROR] core.data_fetcher: Candles unavailable for MEMEUSDT 4h on both spot and futures
06:31:49 [ERROR] core.data_fetcher: Candles unavailable for GPSUSDT 15m on both spot and futures
06:31:49 [ERROR] core.data_fetcher: Candles unavailable for GPSUSDT 1h on both spot and futures
06:31:49 [ERROR] core.data_fetcher: Candles unavailable for GPSUSDT 4h on both spot and futures
06:32:50 [INFO] main: Scanning 12 pairs for signals...
06:32:50 [ERROR] core.data_fetcher: Candles unavailable for 1000PEPEUSDT 15m on both spot and futures
06:32:50 [ERROR] core.data_fetcher: Candles unavailable for 1000PEPEUSDT 1h on both spot and futures
06:32:50 [ERROR] core.data_fetcher: Candles unavailable for 1000PEPEUSDT 4h on both spot and futures
06:32:50 [ERROR] core.data_fetcher: Candles unavailable for FIGHTUSDT 15m on both spot and futures
06:32:50 [ERROR] core.data_fetcher: Candles unavailable for FIGHTUSDT 1h on both spot and futures
06:32:50 [ERROR] core.data_fetcher: Candles unavailable for FIGHTUSDT 4h on both spot and futures
06:32:50 [ERROR] core.data_fetcher: Candles unavailable for GALAUSDT 15m on both spot and futures
06:32:50 [ERROR] core.data_fetcher: Candles unavailable for GALAUSDT 1h on both spot and futures
06:32:50 [ERROR] core.data_fetcher: Candles unavailable for GALAUSDT 4h on both spot and futures
06:32:50 [ERROR] core.data_fetcher: Candles unavailable for XANUSDT 15m on both spot and futures
06:32:50 [ERROR] core.data_fetcher: Candles unavailable for XANUSDT 1h on both spot and futures
06:32:50 [ERROR] core.data_fetcher: Candles unavailable for XANUSDT 4h on both spot and futures
06:32:50 [ERROR] core.data_fetcher: Candles unavailable for 1000BONKUSDT 15m on both spot and futures
06:32:50 [ERROR] core.data_fetcher: Candles unavailable for 1000BONKUSDT 1h on both spot and futures
06:32:50 [ERROR] core.data_fetcher: Candles unavailable for 1000BONKUSDT 4h on both spot and futures
06:32:50 [ERROR] core.data_fetcher: Candles unavailable for BLESSUSDT 15m on both spot and futures
06:32:50 [ERROR] core.data_fetcher: Candles unavailable for BLESSUSDT 1h on both spot and futures
06:32:50 [ERROR] core.data_fetcher: Candles unavailable for BLESSUSDT 4h on both spot and futures
06:32:50 [ERROR] core.data_fetcher: Candles unavailable for JCTUSDT 15m on both spot and futures
06:32:50 [ERROR] core.data_fetcher: Candles unavailable for JCTUSDT 1h on both spot and futures
06:32:50 [ERROR] core.data_fetcher: Candles unavailable for JCTUSDT 4h on both spot and futures
06:32:50 [ERROR] core.data_fetcher: Candles unavailable for TRUUSDT 15m on both spot and futures
06:32:50 [ERROR] core.data_fetcher: Candles unavailable for TRUUSDT 1h on both spot and futures
06:32:50 [ERROR] core.data_fetcher: Candles unavailable for TRUUSDT 4h on both spot and futures
06:32:50 [ERROR] core.data_fetcher: Candles unavailable for PENGUUSDT 15m on both spot and futures
06:32:50 [ERROR] core.data_fetcher: Candles unavailable for PENGUUSDT 1h on both spot and futures
06:32:50 [ERROR] core.data_fetcher: Candles unavailable for PENGUUSDT 4h on both spot and futures
06:32:50 [ERROR] core.data_fetcher: Candles unavailable for BOMEUSDT 15m on both spot and futures
06:32:50 [ERROR] core.data_fetcher: Candles unavailable for BOMEUSDT 1h on both spot and futures
06:32:50 [ERROR] core.data_fetcher: Candles unavailable for BOMEUSDT 4h on both spot and futures
06:32:50 [ERROR] core.data_fetcher: Candles unavailable for MEMEUSDT 15m on both spot and futures
06:32:50 [ERROR] core.data_fetcher: Candles unavailable for MEMEUSDT 1h on both spot and futures
06:32:50 [ERROR] core.data_fetcher: Candles unavailable for MEMEUSDT 4h on both spot and futures
06:32:50 [ERROR] core.data_fetcher: Candles unavailable for GPSUSDT 15m on both spot and futures
06:32:50 [ERROR] core.data_fetcher: Candles unavailable for GPSUSDT 1h on both spot and futures
06:32:50 [ERROR] core.data_fetcher: Candles unavailable for GPSUSDT 4h on both spot and futures
06:33:50 [INFO] main: Scanning 12 pairs for signals...
06:33:50 [ERROR] core.data_fetcher: Candles unavailable for 1000PEPEUSDT 15m on both spot and futures
06:33:50 [ERROR] core.data_fetcher: Candles unavailable for 1000PEPEUSDT 1h on both spot and futures
06:33:50 [ERROR] core.data_fetcher: Candles unavailable for 1000PEPEUSDT 4h on both spot and futures
06:33:50 [ERROR] core.data_fetcher: Candles unavailable for FIGHTUSDT 15m on both spot and futures
06:33:50 [ERROR] core.data_fetcher: Candles unavailable for FIGHTUSDT 1h on both spot and futures
06:33:50 [ERROR] core.data_fetcher: Candles unavailable for FIGHTUSDT 4h on both spot and futures
06:33:50 [ERROR] core.data_fetcher: Candles unavailable for GALAUSDT 15m on both spot and futures
06:33:50 [ERROR] core.data_fetcher: Candles unavailable for GALAUSDT 1h on both spot and futures
06:33:50 [ERROR] core.data_fetcher: Candles unavailable for GALAUSDT 4h on both spot and futures
06:33:50 [ERROR] core.data_fetcher: Candles unavailable for XANUSDT 15m on both spot and futures
06:33:50 [ERROR] core.data_fetcher: Candles unavailable for XANUSDT 1h on both spot and futures
06:33:50 [ERROR] core.data_fetcher: Candles unavailable for XANUSDT 4h on both spot and futures
06:33:50 [ERROR] core.data_fetcher: Candles unavailable for 1000BONKUSDT 15m on both spot and futures
06:33:50 [ERROR] core.data_fetcher: Candles unavailable for 1000BONKUSDT 1h on both spot and futures
06:33:50 [ERROR] core.data_fetcher: Candles unavailable for 1000BONKUSDT 4h on both spot and futures
06:33:50 [ERROR] core.data_fetcher: Candles unavailable for BLESSUSDT 15m on both spot and futures
06:33:50 [ERROR] core.data_fetcher: Candles unavailable for BLESSUSDT 1h on both spot and futures
06:33:50 [ERROR] core.data_fetcher: Candles unavailable for BLESSUSDT 4h on both spot and futures
06:33:50 [ERROR] core.data_fetcher: Candles unavailable for JCTUSDT 15m on both spot and futures
06:33:50 [ERROR] core.data_fetcher: Candles unavailable for JCTUSDT 1h on both spot and futures
06:33:50 [ERROR] core.data_fetcher: Candles unavailable for JCTUSDT 4h on both spot and futures
06:33:50 [ERROR] core.data_fetcher: Candles unavailable for TRUUSDT 15m on both spot and futures
06:33:50 [ERROR] core.data_fetcher: Candles unavailable for TRUUSDT 1h on both spot and futures
06:33:50 [ERROR] core.data_fetcher: Candles unavailable for TRUUSDT 4h on both spot and futures
06:33:50 [ERROR] core.data_fetcher: Candles unavailable for PENGUUSDT 15m on both spot and futures
06:33:50 [ERROR] core.data_fetcher: Candles unavailable for PENGUUSDT 1h on both spot and futures
06:33:50 [ERROR] core.data_fetcher: Candles unavailable for PENGUUSDT 4h on both spot and futures
06:33:50 [ERROR] core.data_fetcher: Candles unavailable for BOMEUSDT 15m on both spot and futures
06:33:50 [ERROR] core.data_fetcher: Candles unavailable for BOMEUSDT 1h on both spot and futures
06:33:50 [ERROR] core.data_fetcher: Candles unavailable for BOMEUSDT 4h on both spot and futures
06:33:50 [ERROR] core.data_fetcher: Candles unavailable for MEMEUSDT 15m on both spot and futures
06:33:50 [ERROR] core.data_fetcher: Candles unavailable for MEMEUSDT 1h on both spot and futures
06:33:50 [ERROR] core.data_fetcher: Candles unavailable for MEMEUSDT 4h on both spot and futures
06:33:50 [ERROR] core.data_fetcher: Candles unavailable for GPSUSDT 15m on both spot and futures
06:33:50 [ERROR] core.data_fetcher: Candles unavailable for GPSUSDT 1h on both spot and futures
06:33:50 [ERROR] core.data_fetcher: Candles unavailable for GPSUSDT 4h on both spot and futures
06:34:01 [INFO] main: Shutting down bot...
06:34:01 [INFO] main: Final stats: {'balance': 10000.0, 'peak_balance': 10000.0, 'total_trades': 0, 'win_rate': 0, 'avg_win': 0, 'avg_loss': 0, 'daily_pnl': 0.0, 'drawdown_pct': 0.0, 'consecutive_losses': 0, 'open_positions': 0, 'trading_halted': False, 'halt_reason': ''}
06:34:04 [INFO] main: Initializing bot in PAPER mode
06:34:04 [INFO] main: Bot started. Press Ctrl+C to stop.
06:34:04 [INFO] main: Scanning 12 pairs for signals...
06:35:07 [INFO] main: Scanning 12 pairs for signals...
06:36:13 [INFO] main: Scanning 12 pairs for signals...
06:36:35 [INFO] main: Shutting down bot...
06:36:35 [INFO] main: Final stats: {'balance': 10000.0, 'peak_balance': 10000.0, 'total_trades': 0, 'win_rate': 0, 'avg_win': 0, 'avg_loss': 0, 'daily_pnl': 0.0, 'drawdown_pct': 0.0, 'consecutive_losses': 0, 'open_positions': 0, 'trading_halted': False, 'halt_reason': ''}
06:36:38 [INFO] main: Initializing bot in PAPER mode
06:36:38 [INFO] main: Bot started. Press Ctrl+C to stop.
06:36:38 [INFO] main: Scanning 12 pairs for signals...
06:37:42 [INFO] main: Scanning 12 pairs for signals...
06:38:43 [INFO] main: Scanning 12 pairs for signals...
06:39:15 [INFO] main: Shutting down bot...
06:39:15 [INFO] main: Final stats: {'balance': 10000.0, 'peak_balance': 10000.0, 'total_trades': 0, 'win_rate': 0, 'avg_win': 0, 'avg_loss': 0, 'daily_pnl': 0.0, 'drawdown_pct': 0.0, 'consecutive_losses': 0, 'open_positions': 0, 'trading_halted': False, 'halt_reason': ''}
06:39:21 [INFO] main: Initializing bot in PAPER mode
06:39:21 [INFO] main: Bot started. Press Ctrl+C to stop.
06:39:21 [INFO] main: Scanning 12 pairs for signals...
06:40:25 [INFO] main: Scanning 12 pairs for signals...
06:41:29 [INFO] main: Scanning 12 pairs for signals...
06:42:33 [INFO] main: Scanning 12 pairs for signals...
06:43:37 [INFO] main: Scanning 12 pairs for signals...
06:44:44 [INFO] main: Scanning 12 pairs for signals...
06:45:48 [INFO] main: Scanning 12 pairs for signals...
06:46:57 [INFO] main: Scanning 12 pairs for signals...
06:47:57 [INFO] main: Scanning 12 pairs for signals...
06:49:01 [INFO] main: Scanning 12 pairs for signals...
06:49:02 [INFO] main: Running backtest on PENGUUSDT (15m)
06:49:04 [INFO] strategies.confluence_engine: [PENGUUSDT] hype OK — vol=0.90x oi_Δ=+0.00% fund=-0.000% bias=neutral
06:49:05 [INFO] strategies.confluence_engine: [PENGUUSDT] hype OK — vol=2.39x oi_Δ=+0.00% fund=-0.000% bias=neutral
06:49:05 [INFO] strategies.confluence_engine: [PENGUUSDT] hype OK — vol=2.61x oi_Δ=+0.00% fund=-0.000% bias=neutral
06:50:07 [INFO] main: Scanning 12 pairs for signals...
06:51:11 [INFO] main: Scanning 12 pairs for signals...
06:51:26 [INFO] main: Shutting down bot...
06:51:26 [INFO] main: Final stats: {'balance': 10000.0, 'peak_balance': 10000.0, 'total_trades': 0, 'win_rate': 0, 'avg_win': 0, 'avg_loss': 0, 'daily_pnl': 0.0, 'drawdown_pct': 0.0, 'consecutive_losses': 0, 'open_positions': 0, 'trading_halted': False, 'halt_reason': ''}
06:51:39 [INFO] main: Initializing bot in PAPER mode
06:51:39 [INFO] main: Bot started. Press Ctrl+C to stop.
06:51:39 [INFO] main: Scanning 12 pairs for signals...
06:52:40 [INFO] main: Scanning 12 pairs for signals...
06:53:45 [INFO] main: Scanning 12 pairs for signals...
06:54:47 [INFO] main: Scanning 12 pairs for signals...
06:55:52 [INFO] main: Scanning 12 pairs for signals...
06:57:10 [INFO] main: Scanning 12 pairs for signals...
06:58:15 [INFO] main: Scanning 12 pairs for signals...
06:59:22 [INFO] main: Scanning 12 pairs for signals...
07:00:23 [INFO] main: Scanning 12 pairs for signals...
07:01:30 [INFO] main: Scanning 12 pairs for signals...
07:01:32 [INFO] main: Shutting down bot...
07:01:32 [INFO] main: Final stats: {'balance': 10000.0, 'peak_balance': 10000.0, 'total_trades': 0, 'win_rate': 0, 'avg_win': 0, 'avg_loss': 0, 'daily_pnl': 0.0, 'drawdown_pct': 0.0, 'consecutive_losses': 0, 'open_positions': 0, 'trading_halted': False, 'halt_reason': ''}
07:03:20 [INFO] agent.strategy_agent: agent: fresh state, no prior at /tmp/_agent_test.json
07:03:20 [INFO] agent.strategy_agent: agent: learned EMA_RSI|PENGUUSDT R=+1.50 pnl=+7.5000 → wr=0.65 ewmaR=+0.45 mult=1.00
07:03:20 [INFO] agent.strategy_agent: agent: learned EMA_RSI|PENGUUSDT R=+2.00 pnl=+10.0000 → wr=0.75 ewmaR=+0.91 mult=1.00
07:03:20 [INFO] agent.strategy_agent: agent: learned EMA_RSI|PENGUUSDT R=-1.00 pnl=-5.0000 → wr=0.53 ewmaR=+0.34 mult=1.00
07:03:20 [INFO] agent.strategy_agent: agent: learned EMA_RSI|PENGUUSDT R=+1.20 pnl=+6.0000 → wr=0.67 ewmaR=+0.60 mult=1.00
07:03:20 [INFO] agent.strategy_agent: agent: learned EMA_RSI|PENGUUSDT R=+0.80 pnl=+4.0000 → wr=0.77 ewmaR=+0.66 mult=1.23
07:03:20 [INFO] agent.strategy_agent: agent: learned EMA_RSI|PENGUUSDT R=-1.00 pnl=-5.0000 → wr=0.54 ewmaR=+0.16 mult=1.05
07:03:20 [INFO] main: Running backtest on PENGUUSDT (15m)
07:03:21 [INFO] agent.strategy_agent: agent: fresh state, no prior at data/agent_state.json
07:03:21 [INFO] strategies.confluence_engine: ConfluenceEngine ready: strategies=['EMA_RSI', 'BREAKOUT', 'MTF_TREND', 'SR_BOUNCE'] hype_strict=False agent_arms=0 agent_trades=0
07:03:21 [INFO] strategies.confluence_engine: [PENGUUSDT] votes: EMA_RSI=∅ BREAKOUT=∅ MTF_TREND=∅ SR_BOUNCE=∅
07:03:21 [INFO] strategies.confluence_engine: [PENGUUSDT] votes: EMA_RSI=∅ BREAKOUT=∅ MTF_TREND=∅ SR_BOUNCE=∅
07:03:21 [INFO] strategies.confluence_engine: [PENGUUSDT] votes: EMA_RSI=∅ BREAKOUT=∅ MTF_TREND=∅ SR_BOUNCE=∅
07:03:21 [INFO] strategies.confluence_engine: [PENGUUSDT] votes: EMA_RSI=∅ BREAKOUT=∅ MTF_TREND=∅ SR_BOUNCE=∅
07:03:21 [INFO] strategies.confluence_engine: [PENGUUSDT] votes: EMA_RSI=∅ BREAKOUT=∅ MTF_TREND=∅ SR_BOUNCE=∅
07:03:21 [INFO] strategies.confluence_engine: [PENGUUSDT] votes: EMA_RSI=∅ BREAKOUT=∅ MTF_TREND=∅ SR_BOUNCE=∅
07:03:21 [INFO] strategies.confluence_engine: [PENGUUSDT] votes: EMA_RSI=∅ BREAKOUT=∅ MTF_TREND=∅ SR_BOUNCE=∅
07:03:21 [INFO] strategies.confluence_engine: [PENGUUSDT] votes: EMA_RSI=∅ BREAKOUT=∅ MTF_TREND=∅ SR_BOUNCE=∅
07:03:21 [INFO] strategies.confluence_engine: [PENGUUSDT] votes: EMA_RSI=∅ BREAKOUT=∅ MTF_TREND=∅ SR_BOUNCE=∅
07:03:21 [INFO] strategies.confluence_engine: [PENGUUSDT] votes: EMA_RSI=∅ BREAKOUT=∅ MTF_TREND=∅ SR_BOUNCE=∅
07:03:21 [INFO] strategies.confluence_engine: [PENGUUSDT] votes: EMA_RSI=∅ BREAKOUT=∅ MTF_TREND=∅ SR_BOUNCE=∅
07:03:21 [INFO] strategies.confluence_engine: [PENGUUSDT] votes: EMA_RSI=∅ BREAKOUT=∅ MTF_TREND=∅ SR_BOUNCE=∅
07:03:21 [INFO] strategies.confluence_engine: [PENGUUSDT] votes: EMA_RSI=∅ BREAKOUT=∅ MTF_TREND=∅ SR_BOUNCE=∅
07:03:21 [INFO] strategies.confluence_engine: [PENGUUSDT] votes: EMA_RSI=∅ BREAKOUT=∅ MTF_TREND=∅ SR_BOUNCE=∅
07:03:21 [INFO] strategies.confluence_engine: [PENGUUSDT] votes: EMA_RSI=∅ BREAKOUT=∅ MTF_TREND=∅ SR_BOUNCE=∅
07:03:21 [INFO] strategies.confluence_engine: [PENGUUSDT] votes: EMA_RSI=∅ BREAKOUT=∅ MTF_TREND=∅ SR_BOUNCE=∅
07:03:21 [INFO] strategies.confluence_engine: [PENGUUSDT] votes: EMA_RSI=∅ BREAKOUT=∅ MTF_TREND=∅ SR_BOUNCE=∅
07:03:21 [INFO] strategies.confluence_engine: [PENGUUSDT] votes: EMA_RSI=∅ BREAKOUT=∅ MTF_TREND=∅ SR_BOUNCE=∅
07:03:21 [INFO] strategies.confluence_engine: [PENGUUSDT] votes: EMA_RSI=∅ BREAKOUT=∅ MTF_TREND=∅ SR_BOUNCE=∅
07:03:21 [INFO] strategies.confluence_engine: [PENGUUSDT] votes: EMA_RSI=∅ BREAKOUT=∅ MTF_TREND=∅ SR_BOUNCE=∅
07:03:21 [INFO] strategies.confluence_engine: [PENGUUSDT] votes: EMA_RSI=∅ BREAKOUT=∅ MTF_TREND=∅ SR_BOUNCE=∅
07:03:21 [INFO] strategies.confluence_engine: [PENGUUSDT] votes: EMA_RSI=∅ BREAKOUT=∅ MTF_TREND=∅ SR_BOUNCE=∅
07:03:21 [INFO] strategies.confluence_engine: [PENGUUSDT] votes: EMA_RSI=∅ BREAKOUT=∅ MTF_TREND=∅ SR_BOUNCE=∅
07:03:21 [INFO] strategies.confluence_engine: [PENGUUSDT] votes: EMA_RSI=∅ BREAKOUT=∅ MTF_TREND=∅ SR_BOUNCE=∅
07:03:21 [INFO] strategies.confluence_engine: [PENGUUSDT] votes: EMA_RSI=∅ BREAKOUT=∅ MTF_TREND=∅ SR_BOUNCE=∅
07:03:21 [INFO] strategies.confluence_engine: [PENGUUSDT] votes: EMA_RSI=∅ BREAKOUT=∅ MTF_TREND=∅ SR_BOUNCE=∅
07:03:21 [INFO] strategies.confluence_engine: [PENGUUSDT] votes: EMA_RSI=∅ BREAKOUT=∅ MTF_TREND=∅ SR_BOUNCE=∅
07:03:21 [INFO] strategies.confluence_engine: [PENGUUSDT] votes: EMA_RSI=∅ BREAKOUT=∅ MTF_TREND=∅ SR_BOUNCE=∅
07:03:21 [INFO] strategies.confluence_engine: [PENGUUSDT] votes: EMA_RSI=∅ BREAKOUT=∅ MTF_TREND=∅ SR_BOUNCE=∅
07:03:21 [INFO] strategies.confluence_engine: [PENGUUSDT] votes: EMA_RSI=∅ BREAKOUT=∅ MTF_TREND=∅ SR_BOUNCE=∅
07:03:21 [INFO] strategies.confluence_engine: [PENGUUSDT] votes: EMA_RSI=∅ BREAKOUT=∅ MTF_TREND=∅ SR_BOUNCE=∅
07:03:21 [INFO] strategies.confluence_engine: [PENGUUSDT] votes: EMA_RSI=∅ BREAKOUT=∅ MTF_TREND=∅ SR_BOUNCE=∅
07:03:21 [INFO] strategies.confluence_engine: [PENGUUSDT] votes: EMA_RSI=∅ BREAKOUT=∅ MTF_TREND=∅ SR_BOUNCE=∅
07:03:21 [INFO] strategies.confluence_engine: [PENGUUSDT] votes: EMA_RSI=∅ BREAKOUT=∅ MTF_TREND=∅ SR_BOUNCE=∅
07:03:21 [INFO] strategies.confluence_engine: [PENGUUSDT] votes: EMA_RSI=∅ BREAKOUT=∅ MTF_TREND=∅ SR_BOUNCE=∅
07:03:21 [INFO] strategies.confluence_engine: [PENGUUSDT] votes: EMA_RSI=∅ BREAKOUT=∅ MTF_TREND=∅ SR_BOUNCE=∅
07:03:21 [INFO] strategies.confluence_engine: [PENGUUSDT] votes: EMA_RSI=∅ BREAKOUT=∅ MTF_TREND=∅ SR_BOUNCE=∅
07:03:21 [INFO] strategies.confluence_engine: [PENGUUSDT] votes: EMA_RSI=∅ BREAKOUT=∅ MTF_TREND=∅ SR_BOUNCE=∅
07:03:21 [INFO] strategies.confluence_engine: [PENGUUSDT] votes: EMA_RSI=∅ BREAKOUT=∅ MTF_TREND=∅ SR_BOUNCE=∅
07:03:21 [INFO] strategies.confluence_engine: [PENGUUSDT] votes: EMA_RSI=∅ BREAKOUT=∅ MTF_TREND=∅ SR_BOUNCE=∅
07:03:21 [INFO] strategies.confluence_engine: [PENGUUSDT] votes: EMA_RSI=∅ BREAKOUT=∅ MTF_TREND=∅ SR_BOUNCE=∅
07:03:21 [INFO] strategies.confluence_engine: [PENGUUSDT] votes: EMA_RSI=∅ BREAKOUT=∅ MTF_TREND=∅ SR_BOUNCE=∅
07:03:21 [INFO] strategies.confluence_engine: [PENGUUSDT] votes: EMA_RSI=∅ BREAKOUT=∅ MTF_TREND=∅ SR_BOUNCE=∅
07:03:21 [INFO] strategies.confluence_engine: [PENGUUSDT] votes: EMA_RSI=∅ BREAKOUT=∅ MTF_TREND=∅ SR_BOUNCE=∅
07:03:21 [INFO] strategies.confluence_engine: [PENGUUSDT] votes: EMA_RSI=∅ BREAKOUT=∅ MTF_TREND=∅ SR_BOUNCE=∅
07:03:21 [INFO] strategies.confluence_engine: [PENGUUSDT] votes: EMA_RSI=∅ BREAKOUT=∅ MTF_TREND=∅ SR_BOUNCE=∅
07:03:21 [INFO] strategies.confluence_engine: [PENGUUSDT] votes: EMA_RSI=∅ BREAKOUT=∅ MTF_TREND=∅ SR_BOUNCE=∅
07:03:21 [INFO] strategies.confluence_engine: [PENGUUSDT] votes: EMA_RSI=∅ BREAKOUT=∅ MTF_TREND=∅ SR_BOUNCE=∅
07:03:21 [INFO] strategies.confluence_engine: [PENGUUSDT] votes: EMA_RSI=∅ BREAKOUT=∅ MTF_TREND=∅ SR_BOUNCE=∅
07:03:21 [INFO] strategies.confluence_engine: [PENGUUSDT] votes: EMA_RSI=∅ BREAKOUT=∅ MTF_TREND=∅ SR_BOUNCE=∅
07:03:21 [INFO] strategies.confluence_engine: [PENGUUSDT] votes: EMA_RSI=∅ BREAKOUT=∅ MTF_TREND=∅ SR_BOUNCE=∅
07:03:21 [INFO] strategies.confluence_engine: [PENGUUSDT] votes: EMA_RSI=∅ BREAKOUT=∅ MTF_TREND=∅ SR_BOUNCE=∅
07:03:21 [INFO] strategies.confluence_engine: [PENGUUSDT] votes: EMA_RSI=∅ BREAKOUT=∅ MTF_TREND=∅ SR_BOUNCE=∅
07:03:21 [INFO] strategies.confluence_engine: [PENGUUSDT] votes: EMA_RSI=∅ BREAKOUT=∅ MTF_TREND=∅ SR_BOUNCE=∅
07:03:21 [INFO] strategies.confluence_engine: [PENGUUSDT] votes: EMA_RSI=∅ BREAKOUT=∅ MTF_TREND=∅ SR_BOUNCE=∅
07:03:21 [INFO] strategies.confluence_engine: [PENGUUSDT] votes: EMA_RSI=∅ BREAKOUT=∅ MTF_TREND=∅ SR_BOUNCE=∅
07:03:21 [INFO] strategies.confluence_engine: [PENGUUSDT] votes: EMA_RSI=∅ BREAKOUT=∅ MTF_TREND=∅ SR_BOUNCE=∅
07:03:21 [INFO] strategies.confluence_engine: [PENGUUSDT] votes: EMA_RSI=∅ BREAKOUT=∅ MTF_TREND=∅ SR_BOUNCE=∅
07:03:21 [INFO] strategies.confluence_engine: [PENGUUSDT] votes: EMA_RSI=∅ BREAKOUT=∅ MTF_TREND=∅ SR_BOUNCE=∅
07:03:21 [INFO] strategies.confluence_engine: [PENGUUSDT] votes: EMA_RSI=∅ BREAKOUT=∅ MTF_TREND=∅ SR_BOUNCE=∅
07:03:21 [INFO] strategies.confluence_engine: [PENGUUSDT] votes: EMA_RSI=∅ BREAKOUT=∅ MTF_TREND=∅ SR_BOUNCE=∅
07:03:21 [INFO] strategies.confluence_engine: [PENGUUSDT] votes: EMA_RSI=∅ BREAKOUT=∅ MTF_TREND=∅ SR_BOUNCE=∅
07:03:21 [INFO] strategies.confluence_engine: [PENGUUSDT] votes: EMA_RSI=∅ BREAKOUT=∅ MTF_TREND=∅ SR_BOUNCE=∅
07:03:21 [INFO] strategies.confluence_engine: [PENGUUSDT] votes: EMA_RSI=∅ BREAKOUT=∅ MTF_TREND=∅ SR_BOUNCE=∅
07:03:21 [INFO] strategies.confluence_engine: [PENGUUSDT] votes: EMA_RSI=∅ BREAKOUT=∅ MTF_TREND=∅ SR_BOUNCE=∅
07:03:21 [INFO] strategies.confluence_engine: [PENGUUSDT] votes: EMA_RSI=∅ BREAKOUT=∅ MTF_TREND=∅ SR_BOUNCE=∅
07:03:21 [INFO] strategies.confluence_engine: [PENGUUSDT] votes: EMA_RSI=∅ BREAKOUT=∅ MTF_TREND=∅ SR_BOUNCE=∅
07:03:21 [INFO] strategies.confluence_engine: [PENGUUSDT] votes: EMA_RSI=∅ BREAKOUT=∅ MTF_TREND=∅ SR_BOUNCE=∅
07:03:21 [INFO] strategies.confluence_engine: [PENGUUSDT] votes: EMA_RSI=∅ BREAKOUT=∅ MTF_TREND=∅ SR_BOUNCE=∅
07:03:21 [INFO] strategies.confluence_engine: [PENGUUSDT] votes: EMA_RSI=∅ BREAKOUT=∅ MTF_TREND=∅ SR_BOUNCE=∅
07:03:21 [INFO] strategies.confluence_engine: [PENGUUSDT] votes: EMA_RSI=∅ BREAKOUT=∅ MTF_TREND=∅ SR_BOUNCE=∅
07:03:21 [INFO] strategies.confluence_engine: [PENGUUSDT] votes: EMA_RSI=∅ BREAKOUT=∅ MTF_TREND=∅ SR_BOUNCE=∅
07:03:21 [INFO] strategies.confluence_engine: [PENGUUSDT] votes: EMA_RSI=∅ BREAKOUT=∅ MTF_TREND=∅ SR_BOUNCE=∅
07:03:21 [INFO] strategies.confluence_engine: [PENGUUSDT] votes: EMA_RSI=∅ BREAKOUT=∅ MTF_TREND=∅ SR_BOUNCE=∅
07:03:21 [INFO] strategies.confluence_engine: [PENGUUSDT] EMA_RSI → LONG conf=0.70 | EMA9 crossed above EMA21 | RSI=57.0 | ADX=21.0
07:03:21 [INFO] strategies.confluence_engine: [PENGUUSDT] MTF_TREND → LONG conf=0.75 | MTF LONG: 4H uptrend + 1H confirmed + 15M EMA cross | RSI=57.0 | ADX=21.0
07:03:21 [INFO] strategies.confluence_engine: [PENGUUSDT] votes: EMA_RSI=LONG(0.70) BREAKOUT=∅ MTF_TREND=LONG(0.75) SR_BOUNCE=∅
07:03:22 [INFO] strategies.confluence_engine: [PENGUUSDT] hype OK — vol=0.90x oi_Δ=+0.00% fund=0.000% bias=neutral
07:03:22 [INFO] strategies.confluence_engine: [PENGUUSDT] votes: EMA_RSI=∅ BREAKOUT=∅ MTF_TREND=∅ SR_BOUNCE=∅
07:03:22 [INFO] strategies.confluence_engine: [PENGUUSDT] votes: EMA_RSI=∅ BREAKOUT=∅ MTF_TREND=∅ SR_BOUNCE=∅
07:03:22 [INFO] strategies.confluence_engine: [PENGUUSDT] votes: EMA_RSI=∅ BREAKOUT=∅ MTF_TREND=∅ SR_BOUNCE=∅
07:03:22 [INFO] strategies.confluence_engine: [PENGUUSDT] votes: EMA_RSI=∅ BREAKOUT=∅ MTF_TREND=∅ SR_BOUNCE=∅
07:03:22 [INFO] strategies.confluence_engine: [PENGUUSDT] votes: EMA_RSI=∅ BREAKOUT=∅ MTF_TREND=∅ SR_BOUNCE=∅
07:03:22 [INFO] strategies.confluence_engine: [PENGUUSDT] votes: EMA_RSI=∅ BREAKOUT=∅ MTF_TREND=∅ SR_BOUNCE=∅
07:03:22 [INFO] strategies.confluence_engine: [PENGUUSDT] votes: EMA_RSI=∅ BREAKOUT=∅ MTF_TREND=∅ SR_BOUNCE=∅
07:03:22 [INFO] strategies.confluence_engine: [PENGUUSDT] votes: EMA_RSI=∅ BREAKOUT=∅ MTF_TREND=∅ SR_BOUNCE=∅
07:03:22 [INFO] strategies.confluence_engine: [PENGUUSDT] votes: EMA_RSI=∅ BREAKOUT=∅ MTF_TREND=∅ SR_BOUNCE=∅
07:03:22 [INFO] strategies.confluence_engine: [PENGUUSDT] votes: EMA_RSI=∅ BREAKOUT=∅ MTF_TREND=∅ SR_BOUNCE=∅
07:03:22 [INFO] strategies.confluence_engine: [PENGUUSDT] votes: EMA_RSI=∅ BREAKOUT=∅ MTF_TREND=∅ SR_BOUNCE=∅
07:03:22 [INFO] strategies.confluence_engine: [PENGUUSDT] votes: EMA_RSI=∅ BREAKOUT=∅ MTF_TREND=∅ SR_BOUNCE=∅
07:03:22 [INFO] strategies.confluence_engine: [PENGUUSDT] votes: EMA_RSI=∅ BREAKOUT=∅ MTF_TREND=∅ SR_BOUNCE=∅
07:03:22 [INFO] strategies.confluence_engine: [PENGUUSDT] votes: EMA_RSI=∅ BREAKOUT=∅ MTF_TREND=∅ SR_BOUNCE=∅
07:03:22 [INFO] strategies.confluence_engine: [PENGUUSDT] votes: EMA_RSI=∅ BREAKOUT=∅ MTF_TREND=∅ SR_BOUNCE=∅
07:03:22 [INFO] strategies.confluence_engine: [PENGUUSDT] votes: EMA_RSI=∅ BREAKOUT=∅ MTF_TREND=∅ SR_BOUNCE=∅
07:03:22 [INFO] strategies.confluence_engine: [PENGUUSDT] votes: EMA_RSI=∅ BREAKOUT=∅ MTF_TREND=∅ SR_BOUNCE=∅
07:03:22 [INFO] strategies.confluence_engine: [PENGUUSDT] votes: EMA_RSI=∅ BREAKOUT=∅ MTF_TREND=∅ SR_BOUNCE=∅
07:03:22 [INFO] strategies.confluence_engine: [PENGUUSDT] votes: EMA_RSI=∅ BREAKOUT=∅ MTF_TREND=∅ SR_BOUNCE=∅
07:03:22 [INFO] strategies.confluence_engine: [PENGUUSDT] votes: EMA_RSI=∅ BREAKOUT=∅ MTF_TREND=∅ SR_BOUNCE=∅
07:03:22 [INFO] strategies.confluence_engine: [PENGUUSDT] votes: EMA_RSI=∅ BREAKOUT=∅ MTF_TREND=∅ SR_BOUNCE=∅
07:03:22 [INFO] strategies.confluence_engine: [PENGUUSDT] votes: EMA_RSI=∅ BREAKOUT=∅ MTF_TREND=∅ SR_BOUNCE=∅
07:03:22 [INFO] strategies.confluence_engine: [PENGUUSDT] votes: EMA_RSI=∅ BREAKOUT=∅ MTF_TREND=∅ SR_BOUNCE=∅
07:03:22 [INFO] strategies.confluence_engine: [PENGUUSDT] votes: EMA_RSI=∅ BREAKOUT=∅ MTF_TREND=∅ SR_BOUNCE=∅
07:03:22 [INFO] strategies.confluence_engine: [PENGUUSDT] votes: EMA_RSI=∅ BREAKOUT=∅ MTF_TREND=∅ SR_BOUNCE=∅
07:03:22 [INFO] strategies.confluence_engine: [PENGUUSDT] votes: EMA_RSI=∅ BREAKOUT=∅ MTF_TREND=∅ SR_BOUNCE=∅
07:03:22 [INFO] strategies.confluence_engine: [PENGUUSDT] EMA_RSI → SHORT conf=0.70 | EMA9 crossed below EMA21 | RSI=36.5 | ADX=20.1
07:03:22 [INFO] strategies.confluence_engine: [PENGUUSDT] votes: EMA_RSI=SHORT(0.70) BREAKOUT=∅ MTF_TREND=∅ SR_BOUNCE=∅
07:03:22 [INFO] strategies.confluence_engine: [PENGUUSDT] votes: EMA_RSI=∅ BREAKOUT=∅ MTF_TREND=∅ SR_BOUNCE=∅
07:03:22 [INFO] strategies.confluence_engine: [PENGUUSDT] votes: EMA_RSI=∅ BREAKOUT=∅ MTF_TREND=∅ SR_BOUNCE=∅
07:03:22 [INFO] strategies.confluence_engine: [PENGUUSDT] votes: EMA_RSI=∅ BREAKOUT=∅ MTF_TREND=∅ SR_BOUNCE=∅
07:03:22 [INFO] strategies.confluence_engine: [PENGUUSDT] votes: EMA_RSI=∅ BREAKOUT=∅ MTF_TREND=∅ SR_BOUNCE=∅
07:03:22 [INFO] strategies.confluence_engine: [PENGUUSDT] votes: EMA_RSI=∅ BREAKOUT=∅ MTF_TREND=∅ SR_BOUNCE=∅
07:03:22 [INFO] strategies.confluence_engine: [PENGUUSDT] votes: EMA_RSI=∅ BREAKOUT=∅ MTF_TREND=∅ SR_BOUNCE=∅
07:03:22 [INFO] strategies.confluence_engine: [PENGUUSDT] votes: EMA_RSI=∅ BREAKOUT=∅ MTF_TREND=∅ SR_BOUNCE=∅
07:03:22 [INFO] strategies.confluence_engine: [PENGUUSDT] votes: EMA_RSI=∅ BREAKOUT=∅ MTF_TREND=∅ SR_BOUNCE=∅
07:03:22 [INFO] strategies.confluence_engine: [PENGUUSDT] votes: EMA_RSI=∅ BREAKOUT=∅ MTF_TREND=∅ SR_BOUNCE=∅
07:03:22 [INFO] strategies.confluence_engine: [PENGUUSDT] votes: EMA_RSI=∅ BREAKOUT=∅ MTF_TREND=∅ SR_BOUNCE=∅
07:03:22 [INFO] strategies.confluence_engine: [PENGUUSDT] votes: EMA_RSI=∅ BREAKOUT=∅ MTF_TREND=∅ SR_BOUNCE=∅
07:03:22 [INFO] strategies.confluence_engine: [PENGUUSDT] votes: EMA_RSI=∅ BREAKOUT=∅ MTF_TREND=∅ SR_BOUNCE=∅
07:03:22 [INFO] strategies.confluence_engine: [PENGUUSDT] votes: EMA_RSI=∅ BREAKOUT=∅ MTF_TREND=∅ SR_BOUNCE=∅
07:03:22 [INFO] strategies.confluence_engine: [PENGUUSDT] votes: EMA_RSI=∅ BREAKOUT=∅ MTF_TREND=∅ SR_BOUNCE=∅
07:03:22 [INFO] strategies.confluence_engine: [PENGUUSDT] votes: EMA_RSI=∅ BREAKOUT=∅ MTF_TREND=∅ SR_BOUNCE=∅
07:03:22 [INFO] strategies.confluence_engine: [PENGUUSDT] votes: EMA_RSI=∅ BREAKOUT=∅ MTF_TREND=∅ SR_BOUNCE=∅
07:03:22 [INFO] strategies.confluence_engine: [PENGUUSDT] votes: EMA_RSI=∅ BREAKOUT=∅ MTF_TREND=∅ SR_BOUNCE=∅
07:03:22 [INFO] strategies.confluence_engine: [PENGUUSDT] votes: EMA_RSI=∅ BREAKOUT=∅ MTF_TREND=∅ SR_BOUNCE=∅
07:03:22 [INFO] strategies.confluence_engine: [PENGUUSDT] votes: EMA_RSI=∅ BREAKOUT=∅ MTF_TREND=∅ SR_BOUNCE=∅
07:03:22 [INFO] strategies.confluence_engine: [PENGUUSDT] votes: EMA_RSI=∅ BREAKOUT=∅ MTF_TREND=∅ SR_BOUNCE=∅
07:03:22 [INFO] strategies.confluence_engine: [PENGUUSDT] votes: EMA_RSI=∅ BREAKOUT=∅ MTF_TREND=∅ SR_BOUNCE=∅
07:03:22 [INFO] strategies.confluence_engine: [PENGUUSDT] votes: EMA_RSI=∅ BREAKOUT=∅ MTF_TREND=∅ SR_BOUNCE=∅
07:03:22 [INFO] strategies.confluence_engine: [PENGUUSDT] votes: EMA_RSI=∅ BREAKOUT=∅ MTF_TREND=∅ SR_BOUNCE=∅
07:03:22 [INFO] strategies.confluence_engine: [PENGUUSDT] votes: EMA_RSI=∅ BREAKOUT=∅ MTF_TREND=∅ SR_BOUNCE=∅
07:03:22 [INFO] strategies.confluence_engine: [PENGUUSDT] votes: EMA_RSI=∅ BREAKOUT=∅ MTF_TREND=∅ SR_BOUNCE=∅
07:03:22 [INFO] strategies.confluence_engine: [PENGUUSDT] votes: EMA_RSI=∅ BREAKOUT=∅ MTF_TREND=∅ SR_BOUNCE=∅
07:03:22 [INFO] strategies.confluence_engine: [PENGUUSDT] votes: EMA_RSI=∅ BREAKOUT=∅ MTF_TREND=∅ SR_BOUNCE=∅
07:03:22 [INFO] strategies.confluence_engine: [PENGUUSDT] votes: EMA_RSI=∅ BREAKOUT=∅ MTF_TREND=∅ SR_BOUNCE=∅
07:03:22 [INFO] strategies.confluence_engine: [PENGUUSDT] votes: EMA_RSI=∅ BREAKOUT=∅ MTF_TREND=∅ SR_BOUNCE=∅
07:03:22 [INFO] strategies.confluence_engine: [PENGUUSDT] votes: EMA_RSI=∅ BREAKOUT=∅ MTF_TREND=∅ SR_BOUNCE=∅
07:03:22 [INFO] strategies.confluence_engine: [PENGUUSDT] votes: EMA_RSI=∅ BREAKOUT=∅ MTF_TREND=∅ SR_BOUNCE=∅
07:03:22 [INFO] strategies.confluence_engine: [PENGUUSDT] votes: EMA_RSI=∅ BREAKOUT=∅ MTF_TREND=∅ SR_BOUNCE=∅
07:03:22 [INFO] strategies.confluence_engine: [PENGUUSDT] votes: EMA_RSI=∅ BREAKOUT=∅ MTF_TREND=∅ SR_BOUNCE=∅
07:03:22 [INFO] strategies.confluence_engine: [PENGUUSDT] votes: EMA_RSI=∅ BREAKOUT=∅ MTF_TREND=∅ SR_BOUNCE=∅
07:03:22 [INFO] strategies.confluence_engine: [PENGUUSDT] votes: EMA_RSI=∅ BREAKOUT=∅ MTF_TREND=∅ SR_BOUNCE=∅
07:03:22 [INFO] strategies.confluence_engine: [PENGUUSDT] votes: EMA_RSI=∅ BREAKOUT=∅ MTF_TREND=∅ SR_BOUNCE=∅
07:03:22 [INFO] strategies.confluence_engine: [PENGUUSDT] votes: EMA_RSI=∅ BREAKOUT=∅ MTF_TREND=∅ SR_BOUNCE=∅
07:03:22 [INFO] strategies.confluence_engine: [PENGUUSDT] votes: EMA_RSI=∅ BREAKOUT=∅ MTF_TREND=∅ SR_BOUNCE=∅
07:03:22 [INFO] strategies.confluence_engine: [PENGUUSDT] votes: EMA_RSI=∅ BREAKOUT=∅ MTF_TREND=∅ SR_BOUNCE=∅
07:03:22 [INFO] strategies.confluence_engine: [PENGUUSDT] votes: EMA_RSI=∅ BREAKOUT=∅ MTF_TREND=∅ SR_BOUNCE=∅
07:03:22 [INFO] strategies.confluence_engine: [PENGUUSDT] votes: EMA_RSI=∅ BREAKOUT=∅ MTF_TREND=∅ SR_BOUNCE=∅
07:03:22 [INFO] strategies.confluence_engine: [PENGUUSDT] votes: EMA_RSI=∅ BREAKOUT=∅ MTF_TREND=∅ SR_BOUNCE=∅
07:03:22 [INFO] strategies.confluence_engine: [PENGUUSDT] EMA_RSI → SHORT conf=0.70 | EMA9 crossed below EMA21 | RSI=41.3 | ADX=22.6
07:03:22 [INFO] strategies.confluence_engine: [PENGUUSDT] votes: EMA_RSI=SHORT(0.70) BREAKOUT=∅ MTF_TREND=∅ SR_BOUNCE=∅
07:03:22 [INFO] strategies.confluence_engine: [PENGUUSDT] votes: EMA_RSI=∅ BREAKOUT=∅ MTF_TREND=∅ SR_BOUNCE=∅
07:03:22 [INFO] strategies.confluence_engine: [PENGUUSDT] votes: EMA_RSI=∅ BREAKOUT=∅ MTF_TREND=∅ SR_BOUNCE=∅
07:03:22 [INFO] strategies.confluence_engine: [PENGUUSDT] votes: EMA_RSI=∅ BREAKOUT=∅ MTF_TREND=∅ SR_BOUNCE=∅
07:03:22 [INFO] strategies.confluence_engine: [PENGUUSDT] votes: EMA_RSI=∅ BREAKOUT=∅ MTF_TREND=∅ SR_BOUNCE=∅
07:03:22 [INFO] strategies.confluence_engine: [PENGUUSDT] votes: EMA_RSI=∅ BREAKOUT=∅ MTF_TREND=∅ SR_BOUNCE=∅
07:03:22 [INFO] strategies.confluence_engine: [PENGUUSDT] votes: EMA_RSI=∅ BREAKOUT=∅ MTF_TREND=∅ SR_BOUNCE=∅
07:03:22 [INFO] strategies.confluence_engine: [PENGUUSDT] votes: EMA_RSI=∅ BREAKOUT=∅ MTF_TREND=∅ SR_BOUNCE=∅
07:03:22 [INFO] strategies.confluence_engine: [PENGUUSDT] votes: EMA_RSI=∅ BREAKOUT=∅ MTF_TREND=∅ SR_BOUNCE=∅
07:03:22 [INFO] strategies.confluence_engine: [PENGUUSDT] votes: EMA_RSI=∅ BREAKOUT=∅ MTF_TREND=∅ SR_BOUNCE=∅
07:03:22 [INFO] strategies.confluence_engine: [PENGUUSDT] votes: EMA_RSI=∅ BREAKOUT=∅ MTF_TREND=∅ SR_BOUNCE=∅
07:03:22 [INFO] strategies.confluence_engine: [PENGUUSDT] votes: EMA_RSI=∅ BREAKOUT=∅ MTF_TREND=∅ SR_BOUNCE=∅
07:03:22 [INFO] strategies.confluence_engine: [PENGUUSDT] votes: EMA_RSI=∅ BREAKOUT=∅ MTF_TREND=∅ SR_BOUNCE=∅
07:03:22 [INFO] strategies.confluence_engine: [PENGUUSDT] votes: EMA_RSI=∅ BREAKOUT=∅ MTF_TREND=∅ SR_BOUNCE=∅
07:03:22 [INFO] strategies.confluence_engine: [PENGUUSDT] votes: EMA_RSI=∅ BREAKOUT=∅ MTF_TREND=∅ SR_BOUNCE=∅
07:03:22 [INFO] strategies.confluence_engine: [PENGUUSDT] votes: EMA_RSI=∅ BREAKOUT=∅ MTF_TREND=∅ SR_BOUNCE=∅
07:03:22 [INFO] strategies.confluence_engine: [PENGUUSDT] votes: EMA_RSI=∅ BREAKOUT=∅ MTF_TREND=∅ SR_BOUNCE=∅
07:03:22 [INFO] strategies.confluence_engine: [PENGUUSDT] votes: EMA_RSI=∅ BREAKOUT=∅ MTF_TREND=∅ SR_BOUNCE=∅
07:03:22 [INFO] strategies.confluence_engine: [PENGUUSDT] votes: EMA_RSI=∅ BREAKOUT=∅ MTF_TREND=∅ SR_BOUNCE=∅
07:03:22 [INFO] strategies.confluence_engine: [PENGUUSDT] votes: EMA_RSI=∅ BREAKOUT=∅ MTF_TREND=∅ SR_BOUNCE=∅
07:03:22 [INFO] strategies.confluence_engine: [PENGUUSDT] votes: EMA_RSI=∅ BREAKOUT=∅ MTF_TREND=∅ SR_BOUNCE=∅
07:03:22 [INFO] strategies.confluence_engine: [PENGUUSDT] votes: EMA_RSI=∅ BREAKOUT=∅ MTF_TREND=∅ SR_BOUNCE=∅
07:03:22 [INFO] strategies.confluence_engine: [PENGUUSDT] votes: EMA_RSI=∅ BREAKOUT=∅ MTF_TREND=∅ SR_BOUNCE=∅
07:03:22 [INFO] strategies.confluence_engine: [PENGUUSDT] votes: EMA_RSI=∅ BREAKOUT=∅ MTF_TREND=∅ SR_BOUNCE=∅
07:03:22 [INFO] strategies.confluence_engine: [PENGUUSDT] votes: EMA_RSI=∅ BREAKOUT=∅ MTF_TREND=∅ SR_BOUNCE=∅
07:03:22 [INFO] strategies.confluence_engine: [PENGUUSDT] votes: EMA_RSI=∅ BREAKOUT=∅ MTF_TREND=∅ SR_BOUNCE=∅
07:03:22 [INFO] strategies.confluence_engine: [PENGUUSDT] votes: EMA_RSI=∅ BREAKOUT=∅ MTF_TREND=∅ SR_BOUNCE=∅
07:03:22 [INFO] strategies.confluence_engine: [PENGUUSDT] votes: EMA_RSI=∅ BREAKOUT=∅ MTF_TREND=∅ SR_BOUNCE=∅
07:03:22 [INFO] strategies.confluence_engine: [PENGUUSDT] votes: EMA_RSI=∅ BREAKOUT=∅ MTF_TREND=∅ SR_BOUNCE=∅
07:03:22 [INFO] strategies.confluence_engine: [PENGUUSDT] votes: EMA_RSI=∅ BREAKOUT=∅ MTF_TREND=∅ SR_BOUNCE=∅
07:03:22 [INFO] strategies.confluence_engine: [PENGUUSDT] votes: EMA_RSI=∅ BREAKOUT=∅ MTF_TREND=∅ SR_BOUNCE=∅
07:03:22 [INFO] strategies.confluence_engine: [PENGUUSDT] votes: EMA_RSI=∅ BREAKOUT=∅ MTF_TREND=∅ SR_BOUNCE=∅
07:03:22 [INFO] strategies.confluence_engine: [PENGUUSDT] votes: EMA_RSI=∅ BREAKOUT=∅ MTF_TREND=∅ SR_BOUNCE=∅
07:03:22 [INFO] strategies.confluence_engine: [PENGUUSDT] votes: EMA_RSI=∅ BREAKOUT=∅ MTF_TREND=∅ SR_BOUNCE=∅
07:03:22 [INFO] strategies.confluence_engine: [PENGUUSDT] votes: EMA_RSI=∅ BREAKOUT=∅ MTF_TREND=∅ SR_BOUNCE=∅
07:03:22 [INFO] strategies.confluence_engine: [PENGUUSDT] votes: EMA_RSI=∅ BREAKOUT=∅ MTF_TREND=∅ SR_BOUNCE=∅
07:03:22 [INFO] strategies.confluence_engine: [PENGUUSDT] votes: EMA_RSI=∅ BREAKOUT=∅ MTF_TREND=∅ SR_BOUNCE=∅
07:03:22 [INFO] strategies.confluence_engine: [PENGUUSDT] votes: EMA_RSI=∅ BREAKOUT=∅ MTF_TREND=∅ SR_BOUNCE=∅
07:03:22 [INFO] strategies.confluence_engine: [PENGUUSDT] votes: EMA_RSI=∅ BREAKOUT=∅ MTF_TREND=∅ SR_BOUNCE=∅
07:03:22 [INFO] strategies.confluence_engine: [PENGUUSDT] votes: EMA_RSI=∅ BREAKOUT=∅ MTF_TREND=∅ SR_BOUNCE=∅
07:03:22 [INFO] strategies.confluence_engine: [PENGUUSDT] votes: EMA_RSI=∅ BREAKOUT=∅ MTF_TREND=∅ SR_BOUNCE=∅
07:03:22 [INFO] strategies.confluence_engine: [PENGUUSDT] votes: EMA_RSI=∅ BREAKOUT=∅ MTF_TREND=∅ SR_BOUNCE=∅
07:03:22 [INFO] strategies.confluence_engine: [PENGUUSDT] votes: EMA_RSI=∅ BREAKOUT=∅ MTF_TREND=∅ SR_BOUNCE=∅
07:03:22 [INFO] strategies.confluence_engine: [PENGUUSDT] votes: EMA_RSI=∅ BREAKOUT=∅ MTF_TREND=∅ SR_BOUNCE=∅
07:03:22 [INFO] strategies.confluence_engine: [PENGUUSDT] votes: EMA_RSI=∅ BREAKOUT=∅ MTF_TREND=∅ SR_BOUNCE=∅
07:03:22 [INFO] strategies.confluence_engine: [PENGUUSDT] votes: EMA_RSI=∅ BREAKOUT=∅ MTF_TREND=∅ SR_BOUNCE=∅
07:03:22 [INFO] strategies.confluence_engine: [PENGUUSDT] votes: EMA_RSI=∅ BREAKOUT=∅ MTF_TREND=∅ SR_BOUNCE=∅
07:03:22 [INFO] strategies.confluence_engine: [PENGUUSDT] votes: EMA_RSI=∅ BREAKOUT=∅ MTF_TREND=∅ SR_BOUNCE=∅
07:03:22 [INFO] strategies.confluence_engine: [PENGUUSDT] votes: EMA_RSI=∅ BREAKOUT=∅ MTF_TREND=∅ SR_BOUNCE=∅
07:03:22 [INFO] strategies.confluence_engine: [PENGUUSDT] votes: EMA_RSI=∅ BREAKOUT=∅ MTF_TREND=∅ SR_BOUNCE=∅
07:03:22 [INFO] strategies.confluence_engine: [PENGUUSDT] votes: EMA_RSI=∅ BREAKOUT=∅ MTF_TREND=∅ SR_BOUNCE=∅
07:03:22 [INFO] strategies.confluence_engine: [PENGUUSDT] votes: EMA_RSI=∅ BREAKOUT=∅ MTF_TREND=∅ SR_BOUNCE=∅
07:03:22 [INFO] strategies.confluence_engine: [PENGUUSDT] votes: EMA_RSI=∅ BREAKOUT=∅ MTF_TREND=∅ SR_BOUNCE=∅
07:03:22 [INFO] strategies.confluence_engine: [PENGUUSDT] votes: EMA_RSI=∅ BREAKOUT=∅ MTF_TREND=∅ SR_BOUNCE=∅
07:03:22 [INFO] strategies.confluence_engine: [PENGUUSDT] votes: EMA_RSI=∅ BREAKOUT=∅ MTF_TREND=∅ SR_BOUNCE=∅
07:03:22 [INFO] strategies.confluence_engine: [PENGUUSDT] votes: EMA_RSI=∅ BREAKOUT=∅ MTF_TREND=∅ SR_BOUNCE=∅
07:03:22 [INFO] strategies.confluence_engine: [PENGUUSDT] votes: EMA_RSI=∅ BREAKOUT=∅ MTF_TREND=∅ SR_BOUNCE=∅
07:03:22 [INFO] strategies.confluence_engine: [PENGUUSDT] votes: EMA_RSI=∅ BREAKOUT=∅ MTF_TREND=∅ SR_BOUNCE=∅
07:03:22 [INFO] strategies.confluence_engine: [PENGUUSDT] votes: EMA_RSI=∅ BREAKOUT=∅ MTF_TREND=∅ SR_BOUNCE=∅
07:03:22 [INFO] strategies.confluence_engine: [PENGUUSDT] votes: EMA_RSI=∅ BREAKOUT=∅ MTF_TREND=∅ SR_BOUNCE=∅
07:03:22 [INFO] strategies.confluence_engine: [PENGUUSDT] votes: EMA_RSI=∅ BREAKOUT=∅ MTF_TREND=∅ SR_BOUNCE=∅
07:03:22 [INFO] strategies.confluence_engine: [PENGUUSDT] votes: EMA_RSI=∅ BREAKOUT=∅ MTF_TREND=∅ SR_BOUNCE=∅
07:03:22 [INFO] strategies.confluence_engine: [PENGUUSDT] votes: EMA_RSI=∅ BREAKOUT=∅ MTF_TREND=∅ SR_BOUNCE=∅
07:03:22 [INFO] strategies.confluence_engine: [PENGUUSDT] votes: EMA_RSI=∅ BREAKOUT=∅ MTF_TREND=∅ SR_BOUNCE=∅
07:03:22 [INFO] strategies.confluence_engine: [PENGUUSDT] votes: EMA_RSI=∅ BREAKOUT=∅ MTF_TREND=∅ SR_BOUNCE=∅
07:03:22 [INFO] strategies.confluence_engine: [PENGUUSDT] votes: EMA_RSI=∅ BREAKOUT=∅ MTF_TREND=∅ SR_BOUNCE=∅
07:03:22 [INFO] strategies.confluence_engine: [PENGUUSDT] votes: EMA_RSI=∅ BREAKOUT=∅ MTF_TREND=∅ SR_BOUNCE=∅
07:03:22 [INFO] strategies.confluence_engine: [PENGUUSDT] votes: EMA_RSI=∅ BREAKOUT=∅ MTF_TREND=∅ SR_BOUNCE=∅
07:03:22 [INFO] strategies.confluence_engine: [PENGUUSDT] votes: EMA_RSI=∅ BREAKOUT=∅ MTF_TREND=∅ SR_BOUNCE=∅
07:03:22 [INFO] strategies.confluence_engine: [PENGUUSDT] votes: EMA_RSI=∅ BREAKOUT=∅ MTF_TREND=∅ SR_BOUNCE=∅
07:03:22 [INFO] strategies.confluence_engine: [PENGUUSDT] votes: EMA_RSI=∅ BREAKOUT=∅ MTF_TREND=∅ SR_BOUNCE=∅
07:03:22 [INFO] strategies.confluence_engine: [PENGUUSDT] votes: EMA_RSI=∅ BREAKOUT=∅ MTF_TREND=∅ SR_BOUNCE=∅
07:03:22 [INFO] strategies.confluence_engine: [PENGUUSDT] votes: EMA_RSI=∅ BREAKOUT=∅ MTF_TREND=∅ SR_BOUNCE=∅
07:03:22 [INFO] strategies.confluence_engine: [PENGUUSDT] votes: EMA_RSI=∅ BREAKOUT=∅ MTF_TREND=∅ SR_BOUNCE=∅
07:03:22 [INFO] strategies.confluence_engine: [PENGUUSDT] votes: EMA_RSI=∅ BREAKOUT=∅ MTF_TREND=∅ SR_BOUNCE=∅
07:03:22 [INFO] strategies.confluence_engine: [PENGUUSDT] votes: EMA_RSI=∅ BREAKOUT=∅ MTF_TREND=∅ SR_BOUNCE=∅
07:03:22 [INFO] strategies.confluence_engine: [PENGUUSDT] votes: EMA_RSI=∅ BREAKOUT=∅ MTF_TREND=∅ SR_BOUNCE=∅
07:03:22 [INFO] strategies.confluence_engine: [PENGUUSDT] votes: EMA_RSI=∅ BREAKOUT=∅ MTF_TREND=∅ SR_BOUNCE=∅
07:03:22 [INFO] strategies.confluence_engine: [PENGUUSDT] votes: EMA_RSI=∅ BREAKOUT=∅ MTF_TREND=∅ SR_BOUNCE=∅
07:03:22 [INFO] strategies.confluence_engine: [PENGUUSDT] votes: EMA_RSI=∅ BREAKOUT=∅ MTF_TREND=∅ SR_BOUNCE=∅
07:03:22 [INFO] strategies.confluence_engine: [PENGUUSDT] votes: EMA_RSI=∅ BREAKOUT=∅ MTF_TREND=∅ SR_BOUNCE=∅
07:03:22 [INFO] strategies.confluence_engine: [PENGUUSDT] votes: EMA_RSI=∅ BREAKOUT=∅ MTF_TREND=∅ SR_BOUNCE=∅
07:03:22 [INFO] strategies.confluence_engine: [PENGUUSDT] votes: EMA_RSI=∅ BREAKOUT=∅ MTF_TREND=∅ SR_BOUNCE=∅
07:03:22 [INFO] strategies.confluence_engine: [PENGUUSDT] votes: EMA_RSI=∅ BREAKOUT=∅ MTF_TREND=∅ SR_BOUNCE=∅
07:03:22 [INFO] strategies.confluence_engine: [PENGUUSDT] votes: EMA_RSI=∅ BREAKOUT=∅ MTF_TREND=∅ SR_BOUNCE=∅
07:03:22 [INFO] strategies.confluence_engine: [PENGUUSDT] votes: EMA_RSI=∅ BREAKOUT=∅ MTF_TREND=∅ SR_BOUNCE=∅
07:03:22 [INFO] strategies.confluence_engine: [PENGUUSDT] votes: EMA_RSI=∅ BREAKOUT=∅ MTF_TREND=∅ SR_BOUNCE=∅
07:03:22 [INFO] strategies.confluence_engine: [PENGUUSDT] votes: EMA_RSI=∅ BREAKOUT=∅ MTF_TREND=∅ SR_BOUNCE=∅
07:03:22 [INFO] strategies.confluence_engine: [PENGUUSDT] votes: EMA_RSI=∅ BREAKOUT=∅ MTF_TREND=∅ SR_BOUNCE=∅
07:03:22 [INFO] strategies.confluence_engine: [PENGUUSDT] votes: EMA_RSI=∅ BREAKOUT=∅ MTF_TREND=∅ SR_BOUNCE=∅
07:03:22 [INFO] strategies.confluence_engine: [PENGUUSDT] votes: EMA_RSI=∅ BREAKOUT=∅ MTF_TREND=∅ SR_BOUNCE=∅
07:03:22 [INFO] strategies.confluence_engine: [PENGUUSDT] votes: EMA_RSI=∅ BREAKOUT=∅ MTF_TREND=∅ SR_BOUNCE=∅
07:03:22 [INFO] strategies.confluence_engine: [PENGUUSDT] votes: EMA_RSI=∅ BREAKOUT=∅ MTF_TREND=∅ SR_BOUNCE=∅
07:03:22 [INFO] strategies.confluence_engine: [PENGUUSDT] votes: EMA_RSI=∅ BREAKOUT=∅ MTF_TREND=∅ SR_BOUNCE=∅
07:03:22 [INFO] strategies.confluence_engine: [PENGUUSDT] votes: EMA_RSI=∅ BREAKOUT=∅ MTF_TREND=∅ SR_BOUNCE=∅
07:03:22 [INFO] strategies.confluence_engine: [PENGUUSDT] votes: EMA_RSI=∅ BREAKOUT=∅ MTF_TREND=∅ SR_BOUNCE=∅
07:03:22 [INFO] strategies.confluence_engine: [PENGUUSDT] votes: EMA_RSI=∅ BREAKOUT=∅ MTF_TREND=∅ SR_BOUNCE=∅
07:03:22 [INFO] strategies.confluence_engine: [PENGUUSDT] votes: EMA_RSI=∅ BREAKOUT=∅ MTF_TREND=∅ SR_BOUNCE=∅
07:03:22 [INFO] strategies.confluence_engine: [PENGUUSDT] votes: EMA_RSI=∅ BREAKOUT=∅ MTF_TREND=∅ SR_BOUNCE=∅
07:03:22 [INFO] strategies.confluence_engine: [PENGUUSDT] votes: EMA_RSI=∅ BREAKOUT=∅ MTF_TREND=∅ SR_BOUNCE=∅
07:03:22 [INFO] strategies.confluence_engine: [PENGUUSDT] votes: EMA_RSI=∅ BREAKOUT=∅ MTF_TREND=∅ SR_BOUNCE=∅
07:03:22 [INFO] strategies.confluence_engine: [PENGUUSDT] votes: EMA_RSI=∅ BREAKOUT=∅ MTF_TREND=∅ SR_BOUNCE=∅
07:03:22 [INFO] strategies.confluence_engine: [PENGUUSDT] votes: EMA_RSI=∅ BREAKOUT=∅ MTF_TREND=∅ SR_BOUNCE=∅
07:03:22 [INFO] strategies.confluence_engine: [PENGUUSDT] votes: EMA_RSI=∅ BREAKOUT=∅ MTF_TREND=∅ SR_BOUNCE=∅
07:03:22 [INFO] strategies.confluence_engine: [PENGUUSDT] votes: EMA_RSI=∅ BREAKOUT=∅ MTF_TREND=∅ SR_BOUNCE=∅
07:03:22 [INFO] strategies.confluence_engine: [PENGUUSDT] votes: EMA_RSI=∅ BREAKOUT=∅ MTF_TREND=∅ SR_BOUNCE=∅
07:03:22 [INFO] strategies.confluence_engine: [PENGUUSDT] votes: EMA_RSI=∅ BREAKOUT=∅ MTF_TREND=∅ SR_BOUNCE=∅
07:03:22 [INFO] strategies.confluence_engine: [PENGUUSDT] votes: EMA_RSI=∅ BREAKOUT=∅ MTF_TREND=∅ SR_BOUNCE=∅
07:03:22 [INFO] strategies.confluence_engine: [PENGUUSDT] votes: EMA_RSI=∅ BREAKOUT=∅ MTF_TREND=∅ SR_BOUNCE=∅
07:03:22 [INFO] strategies.confluence_engine: [PENGUUSDT] votes: EMA_RSI=∅ BREAKOUT=∅ MTF_TREND=∅ SR_BOUNCE=∅
07:03:22 [INFO] strategies.confluence_engine: [PENGUUSDT] votes: EMA_RSI=∅ BREAKOUT=∅ MTF_TREND=∅ SR_BOUNCE=∅
07:03:22 [INFO] strategies.confluence_engine: [PENGUUSDT] votes: EMA_RSI=∅ BREAKOUT=∅ MTF_TREND=∅ SR_BOUNCE=∅
07:03:22 [INFO] strategies.confluence_engine: [PENGUUSDT] votes: EMA_RSI=∅ BREAKOUT=∅ MTF_TREND=∅ SR_BOUNCE=∅
07:03:22 [INFO] strategies.confluence_engine: [PENGUUSDT] votes: EMA_RSI=∅ BREAKOUT=∅ MTF_TREND=∅ SR_BOUNCE=∅
07:03:22 [INFO] strategies.confluence_engine: [PENGUUSDT] votes: EMA_RSI=∅ BREAKOUT=∅ MTF_TREND=∅ SR_BOUNCE=∅
07:03:22 [INFO] strategies.confluence_engine: [PENGUUSDT] votes: EMA_RSI=∅ BREAKOUT=∅ MTF_TREND=∅ SR_BOUNCE=∅
07:03:22 [INFO] strategies.confluence_engine: [PENGUUSDT] votes: EMA_RSI=∅ BREAKOUT=∅ MTF_TREND=∅ SR_BOUNCE=∅
07:03:22 [INFO] strategies.confluence_engine: [PENGUUSDT] votes: EMA_RSI=∅ BREAKOUT=∅ MTF_TREND=∅ SR_BOUNCE=∅
07:03:22 [INFO] strategies.confluence_engine: [PENGUUSDT] votes: EMA_RSI=∅ BREAKOUT=∅ MTF_TREND=∅ SR_BOUNCE=∅
07:03:22 [INFO] strategies.confluence_engine: [PENGUUSDT] votes: EMA_RSI=∅ BREAKOUT=∅ MTF_TREND=∅ SR_BOUNCE=∅
07:03:22 [INFO] strategies.confluence_engine: [PENGUUSDT] votes: EMA_RSI=∅ BREAKOUT=∅ MTF_TREND=∅ SR_BOUNCE=∅
07:03:22 [INFO] strategies.confluence_engine: [PENGUUSDT] votes: EMA_RSI=∅ BREAKOUT=∅ MTF_TREND=∅ SR_BOUNCE=∅
07:03:22 [INFO] strategies.confluence_engine: [PENGUUSDT] votes: EMA_RSI=∅ BREAKOUT=∅ MTF_TREND=∅ SR_BOUNCE=∅
07:03:22 [INFO] strategies.confluence_engine: [PENGUUSDT] votes: EMA_RSI=∅ BREAKOUT=∅ MTF_TREND=∅ SR_BOUNCE=∅
07:03:22 [INFO] strategies.confluence_engine: [PENGUUSDT] votes: EMA_RSI=∅ BREAKOUT=∅ MTF_TREND=∅ SR_BOUNCE=∅
07:03:22 [INFO] strategies.confluence_engine: [PENGUUSDT] votes: EMA_RSI=∅ BREAKOUT=∅ MTF_TREND=∅ SR_BOUNCE=∅
07:03:22 [INFO] strategies.confluence_engine: [PENGUUSDT] votes: EMA_RSI=∅ BREAKOUT=∅ MTF_TREND=∅ SR_BOUNCE=∅
07:03:22 [INFO] strategies.confluence_engine: [PENGUUSDT] votes: EMA_RSI=∅ BREAKOUT=∅ MTF_TREND=∅ SR_BOUNCE=∅
07:03:22 [INFO] strategies.confluence_engine: [PENGUUSDT] votes: EMA_RSI=∅ BREAKOUT=∅ MTF_TREND=∅ SR_BOUNCE=∅
07:03:22 [INFO] strategies.confluence_engine: [PENGUUSDT] votes: EMA_RSI=∅ BREAKOUT=∅ MTF_TREND=∅ SR_BOUNCE=∅
07:03:22 [INFO] strategies.confluence_engine: [PENGUUSDT] votes: EMA_RSI=∅ BREAKOUT=∅ MTF_TREND=∅ SR_BOUNCE=∅
07:03:22 [INFO] strategies.confluence_engine: [PENGUUSDT] votes: EMA_RSI=∅ BREAKOUT=∅ MTF_TREND=∅ SR_BOUNCE=∅
07:03:22 [INFO] strategies.confluence_engine: [PENGUUSDT] votes: EMA_RSI=∅ BREAKOUT=∅ MTF_TREND=∅ SR_BOUNCE=∅
07:03:22 [INFO] strategies.confluence_engine: [PENGUUSDT] votes: EMA_RSI=∅ BREAKOUT=∅ MTF_TREND=∅ SR_BOUNCE=∅
07:03:22 [INFO] strategies.confluence_engine: [PENGUUSDT] votes: EMA_RSI=∅ BREAKOUT=∅ MTF_TREND=∅ SR_BOUNCE=∅
07:03:22 [INFO] strategies.confluence_engine: [PENGUUSDT] votes: EMA_RSI=∅ BREAKOUT=∅ MTF_TREND=∅ SR_BOUNCE=∅
07:03:22 [INFO] strategies.confluence_engine: [PENGUUSDT] votes: EMA_RSI=∅ BREAKOUT=∅ MTF_TREND=∅ SR_BOUNCE=∅
07:03:22 [INFO] strategies.confluence_engine: [PENGUUSDT] votes: EMA_RSI=∅ BREAKOUT=∅ MTF_TREND=∅ SR_BOUNCE=∅
07:03:22 [INFO] strategies.confluence_engine: [PENGUUSDT] votes: EMA_RSI=∅ BREAKOUT=∅ MTF_TREND=∅ SR_BOUNCE=∅
07:03:22 [INFO] strategies.confluence_engine: [PENGUUSDT] votes: EMA_RSI=∅ BREAKOUT=∅ MTF_TREND=∅ SR_BOUNCE=∅
07:03:22 [INFO] strategies.confluence_engine: [PENGUUSDT] votes: EMA_RSI=∅ BREAKOUT=∅ MTF_TREND=∅ SR_BOUNCE=∅
07:03:22 [INFO] strategies.confluence_engine: [PENGUUSDT] votes: EMA_RSI=∅ BREAKOUT=∅ MTF_TREND=∅ SR_BOUNCE=∅
07:03:22 [INFO] strategies.confluence_engine: [PENGUUSDT] votes: EMA_RSI=∅ BREAKOUT=∅ MTF_TREND=∅ SR_BOUNCE=∅
07:03:22 [INFO] strategies.confluence_engine: [PENGUUSDT] votes: EMA_RSI=∅ BREAKOUT=∅ MTF_TREND=∅ SR_BOUNCE=∅
07:03:22 [INFO] strategies.confluence_engine: [PENGUUSDT] votes: EMA_RSI=∅ BREAKOUT=∅ MTF_TREND=∅ SR_BOUNCE=∅
07:03:22 [INFO] strategies.confluence_engine: [PENGUUSDT] votes: EMA_RSI=∅ BREAKOUT=∅ MTF_TREND=∅ SR_BOUNCE=∅
07:03:22 [INFO] strategies.confluence_engine: [PENGUUSDT] votes: EMA_RSI=∅ BREAKOUT=∅ MTF_TREND=∅ SR_BOUNCE=∅
07:03:22 [INFO] strategies.confluence_engine: [PENGUUSDT] votes: EMA_RSI=∅ BREAKOUT=∅ MTF_TREND=∅ SR_BOUNCE=∅
07:03:22 [INFO] strategies.confluence_engine: [PENGUUSDT] votes: EMA_RSI=∅ BREAKOUT=∅ MTF_TREND=∅ SR_BOUNCE=∅
07:03:22 [INFO] strategies.confluence_engine: [PENGUUSDT] votes: EMA_RSI=∅ BREAKOUT=∅ MTF_TREND=∅ SR_BOUNCE=∅
07:03:22 [INFO] strategies.confluence_engine: [PENGUUSDT] votes: EMA_RSI=∅ BREAKOUT=∅ MTF_TREND=∅ SR_BOUNCE=∅
07:03:22 [INFO] strategies.confluence_engine: [PENGUUSDT] votes: EMA_RSI=∅ BREAKOUT=∅ MTF_TREND=∅ SR_BOUNCE=∅
07:03:22 [INFO] strategies.confluence_engine: [PENGUUSDT] votes: EMA_RSI=∅ BREAKOUT=∅ MTF_TREND=∅ SR_BOUNCE=∅
07:03:22 [INFO] strategies.confluence_engine: [PENGUUSDT] votes: EMA_RSI=∅ BREAKOUT=∅ MTF_TREND=∅ SR_BOUNCE=∅
07:03:22 [INFO] strategies.confluence_engine: [PENGUUSDT] votes: EMA_RSI=∅ BREAKOUT=∅ MTF_TREND=∅ SR_BOUNCE=∅
07:03:22 [INFO] strategies.confluence_engine: [PENGUUSDT] votes: EMA_RSI=∅ BREAKOUT=∅ MTF_TREND=∅ SR_BOUNCE=∅
07:03:22 [INFO] strategies.confluence_engine: [PENGUUSDT] votes: EMA_RSI=∅ BREAKOUT=∅ MTF_TREND=∅ SR_BOUNCE=∅
07:03:22 [INFO] strategies.confluence_engine: [PENGUUSDT] votes: EMA_RSI=∅ BREAKOUT=∅ MTF_TREND=∅ SR_BOUNCE=∅
07:03:22 [INFO] strategies.confluence_engine: [PENGUUSDT] votes: EMA_RSI=∅ BREAKOUT=∅ MTF_TREND=∅ SR_BOUNCE=∅
07:03:22 [INFO] strategies.confluence_engine: [PENGUUSDT] votes: EMA_RSI=∅ BREAKOUT=∅ MTF_TREND=∅ SR_BOUNCE=∅
07:03:22 [INFO] strategies.confluence_engine: [PENGUUSDT] votes: EMA_RSI=∅ BREAKOUT=∅ MTF_TREND=∅ SR_BOUNCE=∅
07:03:22 [INFO] strategies.confluence_engine: [PENGUUSDT] votes: EMA_RSI=∅ BREAKOUT=∅ MTF_TREND=∅ SR_BOUNCE=∅
07:03:22 [INFO] strategies.confluence_engine: [PENGUUSDT] votes: EMA_RSI=∅ BREAKOUT=∅ MTF_TREND=∅ SR_BOUNCE=∅
07:03:22 [INFO] strategies.confluence_engine: [PENGUUSDT] EMA_RSI → LONG conf=0.70 | EMA9 crossed above EMA21 | RSI=64.3 | ADX=20.4
07:03:22 [INFO] strategies.confluence_engine: [PENGUUSDT] MTF_TREND → LONG conf=0.85 | MTF LONG: 4H uptrend + 1H confirmed + 15M EMA cross | RSI=64.3 | ADX=20.4
07:03:22 [INFO] strategies.confluence_engine: [PENGUUSDT] votes: EMA_RSI=LONG(0.70) BREAKOUT=∅ MTF_TREND=LONG(0.85) SR_BOUNCE=∅
07:03:22 [INFO] strategies.confluence_engine: [PENGUUSDT] hype OK — vol=2.39x oi_Δ=+0.00% fund=0.000% bias=neutral
07:03:22 [INFO] strategies.confluence_engine: [PENGUUSDT] votes: EMA_RSI=∅ BREAKOUT=∅ MTF_TREND=∅ SR_BOUNCE=∅
07:03:22 [INFO] strategies.confluence_engine: [PENGUUSDT] votes: EMA_RSI=∅ BREAKOUT=∅ MTF_TREND=∅ SR_BOUNCE=∅
07:03:22 [INFO] strategies.confluence_engine: [PENGUUSDT] votes: EMA_RSI=∅ BREAKOUT=∅ MTF_TREND=∅ SR_BOUNCE=∅
07:03:22 [INFO] strategies.confluence_engine: [PENGUUSDT] votes: EMA_RSI=∅ BREAKOUT=∅ MTF_TREND=∅ SR_BOUNCE=∅
07:03:22 [INFO] strategies.confluence_engine: [PENGUUSDT] votes: EMA_RSI=∅ BREAKOUT=∅ MTF_TREND=∅ SR_BOUNCE=∅
07:03:22 [INFO] strategies.confluence_engine: [PENGUUSDT] votes: EMA_RSI=∅ BREAKOUT=∅ MTF_TREND=∅ SR_BOUNCE=∅
07:03:22 [INFO] strategies.confluence_engine: [PENGUUSDT] votes: EMA_RSI=∅ BREAKOUT=∅ MTF_TREND=∅ SR_BOUNCE=∅
07:03:22 [INFO] strategies.confluence_engine: [PENGUUSDT] votes: EMA_RSI=∅ BREAKOUT=∅ MTF_TREND=∅ SR_BOUNCE=∅
07:03:22 [INFO] strategies.confluence_engine: [PENGUUSDT] votes: EMA_RSI=∅ BREAKOUT=∅ MTF_TREND=∅ SR_BOUNCE=∅
07:03:22 [INFO] strategies.confluence_engine: [PENGUUSDT] votes: EMA_RSI=∅ BREAKOUT=∅ MTF_TREND=∅ SR_BOUNCE=∅
07:03:22 [INFO] strategies.confluence_engine: [PENGUUSDT] votes: EMA_RSI=∅ BREAKOUT=∅ MTF_TREND=∅ SR_BOUNCE=∅
07:03:22 [INFO] strategies.confluence_engine: [PENGUUSDT] votes: EMA_RSI=∅ BREAKOUT=∅ MTF_TREND=∅ SR_BOUNCE=∅
07:03:22 [INFO] strategies.confluence_engine: [PENGUUSDT] votes: EMA_RSI=∅ BREAKOUT=∅ MTF_TREND=∅ SR_BOUNCE=∅
07:03:22 [INFO] strategies.confluence_engine: [PENGUUSDT] votes: EMA_RSI=∅ BREAKOUT=∅ MTF_TREND=∅ SR_BOUNCE=∅
07:03:22 [INFO] strategies.confluence_engine: [PENGUUSDT] votes: EMA_RSI=∅ BREAKOUT=∅ MTF_TREND=∅ SR_BOUNCE=∅
07:03:22 [INFO] strategies.confluence_engine: [PENGUUSDT] votes: EMA_RSI=∅ BREAKOUT=∅ MTF_TREND=∅ SR_BOUNCE=∅
07:03:22 [INFO] strategies.confluence_engine: [PENGUUSDT] votes: EMA_RSI=∅ BREAKOUT=∅ MTF_TREND=∅ SR_BOUNCE=∅
07:03:22 [INFO] strategies.confluence_engine: [PENGUUSDT] votes: EMA_RSI=∅ BREAKOUT=∅ MTF_TREND=∅ SR_BOUNCE=∅
07:03:22 [INFO] strategies.confluence_engine: [PENGUUSDT] votes: EMA_RSI=∅ BREAKOUT=∅ MTF_TREND=∅ SR_BOUNCE=∅
07:03:22 [INFO] strategies.confluence_engine: [PENGUUSDT] votes: EMA_RSI=∅ BREAKOUT=∅ MTF_TREND=∅ SR_BOUNCE=∅
07:03:22 [INFO] strategies.confluence_engine: [PENGUUSDT] votes: EMA_RSI=∅ BREAKOUT=∅ MTF_TREND=∅ SR_BOUNCE=∅
07:03:22 [INFO] strategies.confluence_engine: [PENGUUSDT] votes: EMA_RSI=∅ BREAKOUT=∅ MTF_TREND=∅ SR_BOUNCE=∅
07:03:22 [INFO] strategies.confluence_engine: [PENGUUSDT] votes: EMA_RSI=∅ BREAKOUT=∅ MTF_TREND=∅ SR_BOUNCE=∅
07:03:22 [INFO] strategies.confluence_engine: [PENGUUSDT] votes: EMA_RSI=∅ BREAKOUT=∅ MTF_TREND=∅ SR_BOUNCE=∅
07:03:22 [INFO] strategies.confluence_engine: [PENGUUSDT] votes: EMA_RSI=∅ BREAKOUT=∅ MTF_TREND=∅ SR_BOUNCE=∅
07:03:22 [INFO] strategies.confluence_engine: [PENGUUSDT] votes: EMA_RSI=∅ BREAKOUT=∅ MTF_TREND=∅ SR_BOUNCE=∅
07:03:22 [INFO] strategies.confluence_engine: [PENGUUSDT] votes: EMA_RSI=∅ BREAKOUT=∅ MTF_TREND=∅ SR_BOUNCE=∅
07:03:22 [INFO] strategies.confluence_engine: [PENGUUSDT] votes: EMA_RSI=∅ BREAKOUT=∅ MTF_TREND=∅ SR_BOUNCE=∅
07:03:22 [INFO] strategies.confluence_engine: [PENGUUSDT] votes: EMA_RSI=∅ BREAKOUT=∅ MTF_TREND=∅ SR_BOUNCE=∅
07:03:22 [INFO] strategies.confluence_engine: [PENGUUSDT] votes: EMA_RSI=∅ BREAKOUT=∅ MTF_TREND=∅ SR_BOUNCE=∅
07:03:22 [INFO] strategies.confluence_engine: [PENGUUSDT] votes: EMA_RSI=∅ BREAKOUT=∅ MTF_TREND=∅ SR_BOUNCE=∅
07:03:22 [INFO] strategies.confluence_engine: [PENGUUSDT] votes: EMA_RSI=∅ BREAKOUT=∅ MTF_TREND=∅ SR_BOUNCE=∅
07:03:22 [INFO] strategies.confluence_engine: [PENGUUSDT] votes: EMA_RSI=∅ BREAKOUT=∅ MTF_TREND=∅ SR_BOUNCE=∅
07:03:22 [INFO] strategies.confluence_engine: [PENGUUSDT] votes: EMA_RSI=∅ BREAKOUT=∅ MTF_TREND=∅ SR_BOUNCE=∅
07:03:22 [INFO] strategies.confluence_engine: [PENGUUSDT] votes: EMA_RSI=∅ BREAKOUT=∅ MTF_TREND=∅ SR_BOUNCE=∅
07:03:22 [INFO] strategies.confluence_engine: [PENGUUSDT] votes: EMA_RSI=∅ BREAKOUT=∅ MTF_TREND=∅ SR_BOUNCE=∅
07:03:22 [INFO] strategies.confluence_engine: [PENGUUSDT] votes: EMA_RSI=∅ BREAKOUT=∅ MTF_TREND=∅ SR_BOUNCE=∅
07:03:22 [INFO] strategies.confluence_engine: [PENGUUSDT] votes: EMA_RSI=∅ BREAKOUT=∅ MTF_TREND=∅ SR_BOUNCE=∅
07:03:22 [INFO] strategies.confluence_engine: [PENGUUSDT] votes: EMA_RSI=∅ BREAKOUT=∅ MTF_TREND=∅ SR_BOUNCE=∅
07:03:22 [INFO] strategies.confluence_engine: [PENGUUSDT] votes: EMA_RSI=∅ BREAKOUT=∅ MTF_TREND=∅ SR_BOUNCE=∅
07:03:22 [INFO] strategies.confluence_engine: [PENGUUSDT] votes: EMA_RSI=∅ BREAKOUT=∅ MTF_TREND=∅ SR_BOUNCE=∅
07:03:22 [INFO] strategies.confluence_engine: [PENGUUSDT] votes: EMA_RSI=∅ BREAKOUT=∅ MTF_TREND=∅ SR_BOUNCE=∅
07:03:22 [INFO] strategies.confluence_engine: [PENGUUSDT] votes: EMA_RSI=∅ BREAKOUT=∅ MTF_TREND=∅ SR_BOUNCE=∅
07:03:22 [INFO] strategies.confluence_engine: [PENGUUSDT] votes: EMA_RSI=∅ BREAKOUT=∅ MTF_TREND=∅ SR_BOUNCE=∅
07:03:22 [INFO] strategies.confluence_engine: [PENGUUSDT] votes: EMA_RSI=∅ BREAKOUT=∅ MTF_TREND=∅ SR_BOUNCE=∅
07:03:22 [INFO] strategies.confluence_engine: [PENGUUSDT] votes: EMA_RSI=∅ BREAKOUT=∅ MTF_TREND=∅ SR_BOUNCE=∅
07:03:22 [INFO] strategies.confluence_engine: [PENGUUSDT] votes: EMA_RSI=∅ BREAKOUT=∅ MTF_TREND=∅ SR_BOUNCE=∅
07:03:22 [INFO] strategies.confluence_engine: [PENGUUSDT] votes: EMA_RSI=∅ BREAKOUT=∅ MTF_TREND=∅ SR_BOUNCE=∅
07:03:22 [INFO] strategies.confluence_engine: [PENGUUSDT] votes: EMA_RSI=∅ BREAKOUT=∅ MTF_TREND=∅ SR_BOUNCE=∅
07:03:22 [INFO] strategies.confluence_engine: [PENGUUSDT] votes: EMA_RSI=∅ BREAKOUT=∅ MTF_TREND=∅ SR_BOUNCE=∅
07:03:22 [INFO] strategies.confluence_engine: [PENGUUSDT] EMA_RSI → SHORT conf=0.80 | EMA9 crossed below EMA21 | RSI=44.0 | ADX=30.8
07:03:22 [INFO] strategies.confluence_engine: [PENGUUSDT] votes: EMA_RSI=SHORT(0.80) BREAKOUT=∅ MTF_TREND=∅ SR_BOUNCE=∅
07:03:22 [INFO] strategies.confluence_engine: [PENGUUSDT] votes: EMA_RSI=∅ BREAKOUT=∅ MTF_TREND=∅ SR_BOUNCE=∅
07:03:22 [INFO] strategies.confluence_engine: [PENGUUSDT] votes: EMA_RSI=∅ BREAKOUT=∅ MTF_TREND=∅ SR_BOUNCE=∅
07:03:22 [INFO] strategies.confluence_engine: [PENGUUSDT] votes: EMA_RSI=∅ BREAKOUT=∅ MTF_TREND=∅ SR_BOUNCE=∅
07:03:22 [INFO] strategies.confluence_engine: [PENGUUSDT] votes: EMA_RSI=∅ BREAKOUT=∅ MTF_TREND=∅ SR_BOUNCE=∅
07:03:22 [INFO] strategies.confluence_engine: [PENGUUSDT] votes: EMA_RSI=∅ BREAKOUT=∅ MTF_TREND=∅ SR_BOUNCE=∅
07:03:23 [INFO] strategies.confluence_engine: [PENGUUSDT] votes: EMA_RSI=∅ BREAKOUT=∅ MTF_TREND=∅ SR_BOUNCE=∅
07:03:23 [INFO] strategies.confluence_engine: [PENGUUSDT] votes: EMA_RSI=∅ BREAKOUT=∅ MTF_TREND=∅ SR_BOUNCE=∅
07:03:23 [INFO] strategies.confluence_engine: [PENGUUSDT] votes: EMA_RSI=∅ BREAKOUT=∅ MTF_TREND=∅ SR_BOUNCE=∅
07:03:23 [INFO] strategies.confluence_engine: [PENGUUSDT] votes: EMA_RSI=∅ BREAKOUT=∅ MTF_TREND=∅ SR_BOUNCE=∅
07:03:23 [INFO] strategies.confluence_engine: [PENGUUSDT] votes: EMA_RSI=∅ BREAKOUT=∅ MTF_TREND=∅ SR_BOUNCE=∅
07:03:23 [INFO] strategies.confluence_engine: [PENGUUSDT] votes: EMA_RSI=∅ BREAKOUT=∅ MTF_TREND=∅ SR_BOUNCE=∅
07:03:23 [INFO] strategies.confluence_engine: [PENGUUSDT] votes: EMA_RSI=∅ BREAKOUT=∅ MTF_TREND=∅ SR_BOUNCE=∅
07:03:23 [INFO] strategies.confluence_engine: [PENGUUSDT] votes: EMA_RSI=∅ BREAKOUT=∅ MTF_TREND=∅ SR_BOUNCE=∅
07:03:23 [INFO] strategies.confluence_engine: [PENGUUSDT] votes: EMA_RSI=∅ BREAKOUT=∅ MTF_TREND=∅ SR_BOUNCE=∅
07:03:23 [INFO] strategies.confluence_engine: [PENGUUSDT] votes: EMA_RSI=∅ BREAKOUT=∅ MTF_TREND=∅ SR_BOUNCE=∅
07:03:23 [INFO] strategies.confluence_engine: [PENGUUSDT] votes: EMA_RSI=∅ BREAKOUT=∅ MTF_TREND=∅ SR_BOUNCE=∅
07:03:23 [INFO] strategies.confluence_engine: [PENGUUSDT] votes: EMA_RSI=∅ BREAKOUT=∅ MTF_TREND=∅ SR_BOUNCE=∅
07:03:23 [INFO] strategies.confluence_engine: [PENGUUSDT] votes: EMA_RSI=∅ BREAKOUT=∅ MTF_TREND=∅ SR_BOUNCE=∅
07:03:23 [INFO] strategies.confluence_engine: [PENGUUSDT] votes: EMA_RSI=∅ BREAKOUT=∅ MTF_TREND=∅ SR_BOUNCE=∅
07:03:23 [INFO] strategies.confluence_engine: [PENGUUSDT] votes: EMA_RSI=∅ BREAKOUT=∅ MTF_TREND=∅ SR_BOUNCE=∅
07:03:23 [INFO] strategies.confluence_engine: [PENGUUSDT] votes: EMA_RSI=∅ BREAKOUT=∅ MTF_TREND=∅ SR_BOUNCE=∅
07:03:23 [INFO] strategies.confluence_engine: [PENGUUSDT] EMA_RSI → LONG conf=0.80 | EMA9 crossed above EMA21 | RSI=71.4 | ADX=21.5
07:03:23 [INFO] strategies.confluence_engine: [PENGUUSDT] MTF_TREND → LONG conf=0.85 | MTF LONG: 4H uptrend + 1H confirmed + 15M EMA cross | RSI=71.4 | ADX=21.5
07:03:23 [INFO] strategies.confluence_engine: [PENGUUSDT] votes: EMA_RSI=LONG(0.80) BREAKOUT=∅ MTF_TREND=LONG(0.85) SR_BOUNCE=∅
07:03:23 [INFO] strategies.confluence_engine: [PENGUUSDT] hype OK — vol=2.61x oi_Δ=+0.00% fund=0.000% bias=neutral
07:03:23 [INFO] strategies.confluence_engine: [PENGUUSDT] votes: EMA_RSI=∅ BREAKOUT=∅ MTF_TREND=∅ SR_BOUNCE=∅
07:03:23 [INFO] strategies.confluence_engine: [PENGUUSDT] votes: EMA_RSI=∅ BREAKOUT=∅ MTF_TREND=∅ SR_BOUNCE=∅
07:03:23 [INFO] strategies.confluence_engine: [PENGUUSDT] votes: EMA_RSI=∅ BREAKOUT=∅ MTF_TREND=∅ SR_BOUNCE=∅
07:03:23 [INFO] strategies.confluence_engine: [PENGUUSDT] votes: EMA_RSI=∅ BREAKOUT=∅ MTF_TREND=∅ SR_BOUNCE=∅
07:03:23 [INFO] strategies.confluence_engine: [PENGUUSDT] votes: EMA_RSI=∅ BREAKOUT=∅ MTF_TREND=∅ SR_BOUNCE=∅
07:03:23 [INFO] strategies.confluence_engine: [PENGUUSDT] votes: EMA_RSI=∅ BREAKOUT=∅ MTF_TREND=∅ SR_BOUNCE=∅
07:03:23 [INFO] strategies.confluence_engine: [PENGUUSDT] votes: EMA_RSI=∅ BREAKOUT=∅ MTF_TREND=∅ SR_BOUNCE=∅
07:03:23 [INFO] strategies.confluence_engine: [PENGUUSDT] votes: EMA_RSI=∅ BREAKOUT=∅ MTF_TREND=∅ SR_BOUNCE=∅
07:03:23 [INFO] strategies.confluence_engine: [PENGUUSDT] votes: EMA_RSI=∅ BREAKOUT=∅ MTF_TREND=∅ SR_BOUNCE=∅
07:03:23 [INFO] strategies.confluence_engine: [PENGUUSDT] votes: EMA_RSI=∅ BREAKOUT=∅ MTF_TREND=∅ SR_BOUNCE=∅
07:03:23 [INFO] strategies.confluence_engine: [PENGUUSDT] votes: EMA_RSI=∅ BREAKOUT=∅ MTF_TREND=∅ SR_BOUNCE=∅
07:03:23 [INFO] strategies.confluence_engine: [PENGUUSDT] votes: EMA_RSI=∅ BREAKOUT=∅ MTF_TREND=∅ SR_BOUNCE=∅
07:03:23 [INFO] strategies.confluence_engine: [PENGUUSDT] votes: EMA_RSI=∅ BREAKOUT=∅ MTF_TREND=∅ SR_BOUNCE=∅
07:03:23 [INFO] strategies.confluence_engine: [PENGUUSDT] votes: EMA_RSI=∅ BREAKOUT=∅ MTF_TREND=∅ SR_BOUNCE=∅
07:03:23 [INFO] strategies.confluence_engine: [PENGUUSDT] votes: EMA_RSI=∅ BREAKOUT=∅ MTF_TREND=∅ SR_BOUNCE=∅
07:05:05 [INFO] main: Initializing bot in PAPER mode (balance=$10,000.00)
07:05:05 [INFO] agent.strategy_agent: agent: fresh state, no prior at data/agent_state.json
07:05:05 [INFO] strategies.confluence_engine: ConfluenceEngine ready: strategies=['EMA_RSI', 'BREAKOUT', 'MTF_TREND', 'SR_BOUNCE'] hype_strict=False agent_arms=0 agent_trades=0
07:05:05 [INFO] main: Discovering live fees from CoinSwitch API…
07:05:06 [INFO] main: Fee discovery: no usable response → using FeeModel(config): taker=0.05% maker=0.05% gst=18.0% tds=1.0% mode=sell_only → round-trip ≈ 1.118%
07:05:06 [INFO] main: Bot started. Press Ctrl+C to stop.
07:05:06 [INFO] main: ━━ Scan start: 12 pairs ━━
07:05:06 [INFO] main: [1000PEPEUSDT] fetching candles 15m/1h/4h
07:05:09 [ERROR] main: [1000PEPEUSDT] scan error: The truth value of a DataFrame is ambiguous. Use a.empty, a.bool(), a.item(), a.any() or a.all().
07:05:09 [INFO] main: [FIGHTUSDT] fetching candles 15m/1h/4h
07:05:12 [ERROR] main: [FIGHTUSDT] scan error: The truth value of a DataFrame is ambiguous. Use a.empty, a.bool(), a.item(), a.any() or a.all().
07:05:12 [INFO] main: [GALAUSDT] fetching candles 15m/1h/4h
07:05:13 [ERROR] main: [GALAUSDT] scan error: The truth value of a DataFrame is ambiguous. Use a.empty, a.bool(), a.item(), a.any() or a.all().
07:05:13 [INFO] main: [XANUSDT] fetching candles 15m/1h/4h
07:05:16 [ERROR] main: [XANUSDT] scan error: The truth value of a DataFrame is ambiguous. Use a.empty, a.bool(), a.item(), a.any() or a.all().
07:05:16 [INFO] main: [1000BONKUSDT] fetching candles 15m/1h/4h
07:05:19 [ERROR] main: [1000BONKUSDT] scan error: The truth value of a DataFrame is ambiguous. Use a.empty, a.bool(), a.item(), a.any() or a.all().
07:05:19 [INFO] main: [BLESSUSDT] fetching candles 15m/1h/4h
07:05:21 [ERROR] main: [BLESSUSDT] scan error: The truth value of a DataFrame is ambiguous. Use a.empty, a.bool(), a.item(), a.any() or a.all().
07:05:21 [INFO] main: [JCTUSDT] fetching candles 15m/1h/4h
07:05:23 [ERROR] main: [JCTUSDT] scan error: The truth value of a DataFrame is ambiguous. Use a.empty, a.bool(), a.item(), a.any() or a.all().
07:05:23 [INFO] main: [TRUUSDT] fetching candles 15m/1h/4h
07:05:24 [ERROR] main: [TRUUSDT] scan error: The truth value of a DataFrame is ambiguous. Use a.empty, a.bool(), a.item(), a.any() or a.all().
07:05:24 [INFO] main: [PENGUUSDT] fetching candles 15m/1h/4h
07:05:26 [ERROR] main: [PENGUUSDT] scan error: The truth value of a DataFrame is ambiguous. Use a.empty, a.bool(), a.item(), a.any() or a.all().
07:05:26 [INFO] main: [BOMEUSDT] fetching candles 15m/1h/4h
07:05:27 [ERROR] main: [BOMEUSDT] scan error: The truth value of a DataFrame is ambiguous. Use a.empty, a.bool(), a.item(), a.any() or a.all().
07:05:27 [INFO] main: [MEMEUSDT] fetching candles 15m/1h/4h
07:05:28 [ERROR] main: [MEMEUSDT] scan error: The truth value of a DataFrame is ambiguous. Use a.empty, a.bool(), a.item(), a.any() or a.all().
07:05:28 [INFO] main: [GPSUSDT] fetching candles 15m/1h/4h
07:05:29 [ERROR] main: [GPSUSDT] scan error: The truth value of a DataFrame is ambiguous. Use a.empty, a.bool(), a.item(), a.any() or a.all().
07:05:29 [INFO] main: ━━ Scan complete ━━
07:06:06 [INFO] main: ━━ Scan start: 12 pairs ━━
07:06:06 [INFO] main: [1000PEPEUSDT] fetching candles 15m/1h/4h
07:06:11 [ERROR] main: [1000PEPEUSDT] scan error: The truth value of a DataFrame is ambiguous. Use a.empty, a.bool(), a.item(), a.any() or a.all().
07:06:11 [INFO] main: [FIGHTUSDT] fetching candles 15m/1h/4h
07:06:13 [ERROR] main: [FIGHTUSDT] scan error: The truth value of a DataFrame is ambiguous. Use a.empty, a.bool(), a.item(), a.any() or a.all().
07:06:13 [INFO] main: [GALAUSDT] fetching candles 15m/1h/4h
07:06:14 [ERROR] main: [GALAUSDT] scan error: The truth value of a DataFrame is ambiguous. Use a.empty, a.bool(), a.item(), a.any() or a.all().
07:06:14 [INFO] main: [XANUSDT] fetching candles 15m/1h/4h
07:06:16 [ERROR] main: [XANUSDT] scan error: The truth value of a DataFrame is ambiguous. Use a.empty, a.bool(), a.item(), a.any() or a.all().
07:06:16 [INFO] main: [1000BONKUSDT] fetching candles 15m/1h/4h
07:06:19 [ERROR] main: [1000BONKUSDT] scan error: The truth value of a DataFrame is ambiguous. Use a.empty, a.bool(), a.item(), a.any() or a.all().
07:06:19 [INFO] main: [BLESSUSDT] fetching candles 15m/1h/4h
07:06:21 [ERROR] main: [BLESSUSDT] scan error: The truth value of a DataFrame is ambiguous. Use a.empty, a.bool(), a.item(), a.any() or a.all().
07:06:21 [INFO] main: [JCTUSDT] fetching candles 15m/1h/4h
07:06:25 [ERROR] main: [JCTUSDT] scan error: The truth value of a DataFrame is ambiguous. Use a.empty, a.bool(), a.item(), a.any() or a.all().
07:06:25 [INFO] main: [TRUUSDT] fetching candles 15m/1h/4h
07:06:27 [INFO] main: Shutting down bot...
07:06:27 [INFO] main: Final stats: {'balance': 10000.0, 'peak_balance': 10000.0, 'total_trades': 0, 'win_rate': 0, 'avg_win': 0, 'avg_loss': 0, 'daily_pnl': 0.0, 'drawdown_pct': 0.0, 'consecutive_losses': 0, 'open_positions': 0, 'trading_halted': False, 'halt_reason': ''}
07:06:36 [INFO] main: Initializing bot in PAPER mode (balance=$10,000.00)
07:06:36 [INFO] agent.strategy_agent: agent: fresh state, no prior at data/agent_state.json
07:06:36 [INFO] strategies.confluence_engine: ConfluenceEngine ready: strategies=['EMA_RSI', 'BREAKOUT', 'MTF_TREND', 'SR_BOUNCE'] hype_strict=False agent_arms=0 agent_trades=0
07:06:36 [INFO] main: Discovering live fees from CoinSwitch API…
07:06:38 [INFO] main: Fee discovery: no usable response → using FeeModel(config): taker=0.05% maker=0.05% gst=18.0% tds=1.0% mode=sell_only → round-trip ≈ 1.118%
07:06:38 [INFO] main: Bot started. Press Ctrl+C to stop.
07:06:38 [INFO] main: ━━ Scan start: 12 pairs ━━
07:06:38 [INFO] main: [1000PEPEUSDT] fetching candles 15m/1h/4h
07:06:41 [INFO] main: [1000PEPEUSDT] enriched [15m,1h,4h] price=0.0039485 ADX=21.1 RSI=67.3 vol=0.39x
07:06:41 [INFO] strategies.confluence_engine: [1000PEPEUSDT] votes: EMA_RSI=∅ BREAKOUT=∅ MTF_TREND=∅ SR_BOUNCE=∅
07:06:41 [INFO] main: [1000PEPEUSDT] no qualifying setup
07:06:41 [INFO] main: [FIGHTUSDT] fetching candles 15m/1h/4h
07:06:44 [INFO] main: [FIGHTUSDT] enriched [15m,1h,4h] price=0.004032 ADX=31.8 RSI=55.1 vol=0.26x
07:06:44 [INFO] strategies.confluence_engine: [FIGHTUSDT] SR_BOUNCE → SHORT conf=0.60 | Reject at resistance 0.004053 | RSI=55.1 | vol=0.3x
07:06:44 [INFO] strategies.confluence_engine: [FIGHTUSDT] votes: EMA_RSI=∅ BREAKOUT=∅ MTF_TREND=∅ SR_BOUNCE=SHORT(0.60)
07:06:44 [INFO] main: [FIGHTUSDT] no qualifying setup
07:06:44 [INFO] main: [GALAUSDT] fetching candles 15m/1h/4h
07:06:45 [INFO] main: [GALAUSDT] enriched [15m,1h,4h] price=0.00344 ADX=17.0 RSI=64.2 vol=0.71x
07:06:45 [INFO] strategies.confluence_engine: [GALAUSDT] SR_BOUNCE → SHORT conf=0.60 | Reject at resistance 0.003460 | RSI=64.2 | vol=0.7x
07:06:45 [INFO] strategies.confluence_engine: [GALAUSDT] votes: EMA_RSI=∅ BREAKOUT=∅ MTF_TREND=∅ SR_BOUNCE=SHORT(0.60)
07:06:45 [INFO] main: [GALAUSDT] no qualifying setup
07:06:45 [INFO] main: [XANUSDT] fetching candles 15m/1h/4h
07:06:48 [INFO] main: [XANUSDT] enriched [15m,1h,4h] price=0.008774 ADX=61.0 RSI=54.8 vol=0.06x
07:06:48 [INFO] strategies.confluence_engine: [XANUSDT] votes: EMA_RSI=∅ BREAKOUT=∅ MTF_TREND=∅ SR_BOUNCE=∅
07:06:48 [INFO] main: [XANUSDT] no qualifying setup
07:06:48 [INFO] main: [1000BONKUSDT] fetching candles 15m/1h/4h
07:06:52 [INFO] main: [1000BONKUSDT] enriched [15m,1h,4h] price=0.006379 ADX=16.4 RSI=68.4 vol=0.37x
07:06:52 [INFO] strategies.confluence_engine: [1000BONKUSDT] votes: EMA_RSI=∅ BREAKOUT=∅ MTF_TREND=∅ SR_BOUNCE=∅
07:06:52 [INFO] main: [1000BONKUSDT] no qualifying setup
07:06:52 [INFO] main: [BLESSUSDT] fetching candles 15m/1h/4h
07:06:55 [INFO] main: [BLESSUSDT] enriched [15m,1h,4h] price=0.006435 ADX=11.9 RSI=51.2 vol=0.16x
07:06:55 [INFO] strategies.confluence_engine: [BLESSUSDT] SR_BOUNCE → LONG conf=0.50 | Bounce off support 0.006387 | RSI=51.2 | vol=0.2x
07:06:55 [INFO] strategies.confluence_engine: [BLESSUSDT] votes: EMA_RSI=∅ BREAKOUT=∅ MTF_TREND=∅ SR_BOUNCE=LONG(0.50)
07:06:55 [INFO] main: [BLESSUSDT] no qualifying setup
07:06:55 [INFO] main: [JCTUSDT] fetching candles 15m/1h/4h
07:06:57 [INFO] main: [JCTUSDT] enriched [15m,1h,4h] price=0.002919 ADX=48.7 RSI=60.8 vol=0.92x
07:06:57 [INFO] strategies.confluence_engine: [JCTUSDT] votes: EMA_RSI=∅ BREAKOUT=∅ MTF_TREND=∅ SR_BOUNCE=∅
07:06:57 [INFO] main: [JCTUSDT] no qualifying setup
07:06:57 [INFO] main: [TRUUSDT] fetching candles 15m/1h/4h
07:06:59 [INFO] main: [TRUUSDT] enriched [15m,1h,4h] price=0.003 ADX=29.7 RSI=45.8 vol=0.01x
07:06:59 [INFO] strategies.confluence_engine: [TRUUSDT] votes: EMA_RSI=∅ BREAKOUT=∅ MTF_TREND=∅ SR_BOUNCE=∅
07:06:59 [INFO] main: [TRUUSDT] no qualifying setup
07:06:59 [INFO] main: [PENGUUSDT] fetching candles 15m/1h/4h
07:07:01 [INFO] main: [PENGUUSDT] enriched [15m,1h,4h] price=0.009436 ADX=27.7 RSI=77.1 vol=1.94x
07:07:01 [INFO] strategies.confluence_engine: [PENGUUSDT] votes: EMA_RSI=∅ BREAKOUT=∅ MTF_TREND=∅ SR_BOUNCE=∅
07:07:01 [INFO] main: [PENGUUSDT] no qualifying setup
07:07:01 [INFO] main: [BOMEUSDT] fetching candles 15m/1h/4h
07:07:02 [INFO] main: [BOMEUSDT] enriched [15m,1h,4h] price=0.000528 ADX=16.9 RSI=64.7 vol=0.09x
07:07:02 [INFO] strategies.confluence_engine: [BOMEUSDT] SR_BOUNCE → SHORT conf=0.50 | Reject at resistance 0.000533 | RSI=64.7 | vol=0.1x
07:07:02 [INFO] strategies.confluence_engine: [BOMEUSDT] votes: EMA_RSI=∅ BREAKOUT=∅ MTF_TREND=∅ SR_BOUNCE=SHORT(0.50)
07:07:02 [INFO] main: [BOMEUSDT] no qualifying setup
07:07:02 [INFO] main: [MEMEUSDT] fetching candles 15m/1h/4h
07:07:04 [INFO] main: [MEMEUSDT] enriched [15m,1h,4h] price=0.000579 ADX=17.2 RSI=59.4 vol=0.35x
07:07:04 [INFO] strategies.confluence_engine: [MEMEUSDT] votes: EMA_RSI=∅ BREAKOUT=∅ MTF_TREND=∅ SR_BOUNCE=∅
07:07:04 [INFO] main: [MEMEUSDT] no qualifying setup
07:07:04 [INFO] main: [GPSUSDT] fetching candles 15m/1h/4h
07:07:07 [INFO] main: [GPSUSDT] enriched [15m,1h,4h] price=0.00673 ADX=45.0 RSI=26.8 vol=0.22x
07:07:07 [INFO] strategies.confluence_engine: [GPSUSDT] votes: EMA_RSI=∅ BREAKOUT=∅ MTF_TREND=∅ SR_BOUNCE=∅
07:07:07 [INFO] main: [GPSUSDT] no qualifying setup
07:07:07 [INFO] main: ━━ Scan complete ━━
07:07:44 [INFO] main: ━━ Scan start: 12 pairs ━━
07:07:44 [INFO] main: [1000PEPEUSDT] fetching candles 15m/1h/4h
07:07:48 [INFO] main: [1000PEPEUSDT] enriched [15m,1h,4h] price=0.0039464 ADX=21.1 RSI=66.7 vol=0.44x
07:07:48 [INFO] strategies.confluence_engine: [1000PEPEUSDT] SR_BOUNCE → SHORT conf=0.60 | Reject at resistance 0.003966 | RSI=66.7 | vol=0.4x
07:07:48 [INFO] strategies.confluence_engine: [1000PEPEUSDT] votes: EMA_RSI=∅ BREAKOUT=∅ MTF_TREND=∅ SR_BOUNCE=SHORT(0.60)
07:07:48 [INFO] main: [1000PEPEUSDT] no qualifying setup
07:07:48 [INFO] main: [FIGHTUSDT] fetching candles 15m/1h/4h
07:07:50 [INFO] main: [FIGHTUSDT] enriched [15m,1h,4h] price=0.004019 ADX=31.8 RSI=53.4 vol=0.29x
07:07:50 [INFO] strategies.confluence_engine: [FIGHTUSDT] SR_BOUNCE → SHORT conf=0.50 | Reject at resistance 0.004053 | RSI=53.4 | vol=0.3x
07:07:50 [INFO] strategies.confluence_engine: [FIGHTUSDT] votes: EMA_RSI=∅ BREAKOUT=∅ MTF_TREND=∅ SR_BOUNCE=SHORT(0.50)
07:07:50 [INFO] main: [FIGHTUSDT] no qualifying setup
07:07:50 [INFO] main: [GALAUSDT] fetching candles 15m/1h/4h
07:07:51 [INFO] main: [GALAUSDT] enriched [15m,1h,4h] price=0.00344 ADX=17.0 RSI=64.2 vol=0.71x
07:07:51 [INFO] strategies.confluence_engine: [GALAUSDT] SR_BOUNCE → SHORT conf=0.60 | Reject at resistance 0.003460 | RSI=64.2 | vol=0.7x
07:07:51 [INFO] strategies.confluence_engine: [GALAUSDT] votes: EMA_RSI=∅ BREAKOUT=∅ MTF_TREND=∅ SR_BOUNCE=SHORT(0.60)
07:07:51 [INFO] main: [GALAUSDT] no qualifying setup
07:07:51 [INFO] main: [XANUSDT] fetching candles 15m/1h/4h
07:07:53 [INFO] main: [XANUSDT] enriched [15m,1h,4h] price=0.008775 ADX=61.0 RSI=54.9 vol=0.08x
07:07:53 [INFO] strategies.confluence_engine: [XANUSDT] votes: EMA_RSI=∅ BREAKOUT=∅ MTF_TREND=∅ SR_BOUNCE=∅
07:07:53 [INFO] main: [XANUSDT] no qualifying setup
07:07:53 [INFO] main: [1000BONKUSDT] fetching candles 15m/1h/4h
07:07:56 [INFO] main: [1000BONKUSDT] enriched [15m,1h,4h] price=0.006377 ADX=16.4 RSI=68.1 vol=0.39x
07:07:56 [INFO] strategies.confluence_engine: [1000BONKUSDT] votes: EMA_RSI=∅ BREAKOUT=∅ MTF_TREND=∅ SR_BOUNCE=∅
07:07:56 [INFO] main: [1000BONKUSDT] no qualifying setup
07:07:56 [INFO] main: [BLESSUSDT] fetching candles 15m/1h/4h
07:07:58 [INFO] main: [BLESSUSDT] enriched [15m,1h,4h] price=0.006424 ADX=11.9 RSI=50.1 vol=0.20x
07:07:58 [INFO] strategies.confluence_engine: [BLESSUSDT] SR_BOUNCE → LONG conf=0.60 | Bounce off support 0.006387 | RSI=50.1 | vol=0.2x
07:07:58 [INFO] strategies.confluence_engine: [BLESSUSDT] votes: EMA_RSI=∅ BREAKOUT=∅ MTF_TREND=∅ SR_BOUNCE=LONG(0.60)
07:07:58 [INFO] main: [BLESSUSDT] no qualifying setup
07:07:58 [INFO] main: [JCTUSDT] fetching candles 15m/1h/4h
07:08:01 [INFO] main: [JCTUSDT] enriched [15m,1h,4h] price=0.002905 ADX=47.5 RSI=57.2 vol=1.54x
07:08:01 [INFO] strategies.confluence_engine: [JCTUSDT] SR_BOUNCE → SHORT conf=0.60 | Reject at resistance 0.002923 | RSI=57.2 | vol=1.5x
07:08:01 [INFO] strategies.confluence_engine: [JCTUSDT] votes: EMA_RSI=∅ BREAKOUT=∅ MTF_TREND=∅ SR_BOUNCE=SHORT(0.60)
07:08:01 [INFO] strategies.confluence_engine: [JCTUSDT] reject — DMI not aligned with SHORT
07:08:01 [INFO] main: [JCTUSDT] no qualifying setup
07:08:01 [INFO] main: [TRUUSDT] fetching candles 15m/1h/4h
07:08:02 [INFO] main: [TRUUSDT] enriched [15m,1h,4h] price=0.003 ADX=29.7 RSI=45.8 vol=0.01x
07:08:02 [INFO] strategies.confluence_engine: [TRUUSDT] votes: EMA_RSI=∅ BREAKOUT=∅ MTF_TREND=∅ SR_BOUNCE=∅
07:08:02 [INFO] main: [TRUUSDT] no qualifying setup
07:08:02 [INFO] main: [PENGUUSDT] fetching candles 15m/1h/4h
07:08:03 [INFO] main: [PENGUUSDT] enriched [15m,1h,4h] price=0.009446 ADX=27.8 RSI=77.4 vol=2.05x
07:08:03 [INFO] strategies.confluence_engine: [PENGUUSDT] votes: EMA_RSI=∅ BREAKOUT=∅ MTF_TREND=∅ SR_BOUNCE=∅
07:08:03 [INFO] main: [PENGUUSDT] no qualifying setup
07:08:03 [INFO] main: [BOMEUSDT] fetching candles 15m/1h/4h
07:08:04 [INFO] main: [BOMEUSDT] enriched [15m,1h,4h] price=0.000529 ADX=16.9 RSI=66.6 vol=0.20x
07:08:04 [INFO] strategies.confluence_engine: [BOMEUSDT] votes: EMA_RSI=∅ BREAKOUT=∅ MTF_TREND=∅ SR_BOUNCE=∅
07:08:04 [INFO] main: [BOMEUSDT] no qualifying setup
07:08:04 [INFO] main: [MEMEUSDT] fetching candles 15m/1h/4h
07:08:05 [INFO] main: [MEMEUSDT] enriched [15m,1h,4h] price=0.000579 ADX=17.2 RSI=59.4 vol=0.35x
07:08:05 [INFO] strategies.confluence_engine: [MEMEUSDT] votes: EMA_RSI=∅ BREAKOUT=∅ MTF_TREND=∅ SR_BOUNCE=∅
07:08:05 [INFO] main: [MEMEUSDT] no qualifying setup
07:08:05 [INFO] main: [GPSUSDT] fetching candles 15m/1h/4h
07:08:06 [INFO] main: [GPSUSDT] enriched [15m,1h,4h] price=0.00671 ADX=45.0 RSI=24.5 vol=0.25x
07:08:06 [INFO] strategies.confluence_engine: [GPSUSDT] votes: EMA_RSI=∅ BREAKOUT=∅ MTF_TREND=∅ SR_BOUNCE=∅
07:08:06 [INFO] main: [GPSUSDT] no qualifying setup
07:08:06 [INFO] main: ━━ Scan complete ━━
07:08:49 [INFO] main: ━━ Scan start: 12 pairs ━━
07:08:49 [INFO] main: [1000PEPEUSDT] fetching candles 15m/1h/4h
07:08:52 [INFO] main: [1000PEPEUSDT] enriched [15m,1h,4h] price=0.0039508 ADX=21.1 RSI=67.9 vol=0.49x
07:08:52 [INFO] strategies.confluence_engine: [1000PEPEUSDT] votes: EMA_RSI=∅ BREAKOUT=∅ MTF_TREND=∅ SR_BOUNCE=∅
07:08:52 [INFO] main: [1000PEPEUSDT] no qualifying setup
07:08:52 [INFO] main: [FIGHTUSDT] fetching candles 15m/1h/4h
07:08:57 [INFO] main: [FIGHTUSDT] enriched [15m,1h,4h] price=0.004019 ADX=31.8 RSI=53.4 vol=0.29x
07:08:57 [INFO] strategies.confluence_engine: [FIGHTUSDT] SR_BOUNCE → SHORT conf=0.50 | Reject at resistance 0.004053 | RSI=53.4 | vol=0.3x
07:08:57 [INFO] strategies.confluence_engine: [FIGHTUSDT] votes: EMA_RSI=∅ BREAKOUT=∅ MTF_TREND=∅ SR_BOUNCE=SHORT(0.50)
07:08:57 [INFO] main: [FIGHTUSDT] no qualifying setup
07:08:57 [INFO] main: [GALAUSDT] fetching candles 15m/1h/4h
07:09:00 [INFO] main: [GALAUSDT] enriched [15m,1h,4h] price=0.00344 ADX=17.0 RSI=64.2 vol=0.71x
07:09:00 [INFO] strategies.confluence_engine: [GALAUSDT] SR_BOUNCE → SHORT conf=0.60 | Reject at resistance 0.003460 | RSI=64.2 | vol=0.7x
07:09:00 [INFO] strategies.confluence_engine: [GALAUSDT] votes: EMA_RSI=∅ BREAKOUT=∅ MTF_TREND=∅ SR_BOUNCE=SHORT(0.60)
07:09:00 [INFO] main: [GALAUSDT] no qualifying setup
07:09:00 [INFO] main: [XANUSDT] fetching candles 15m/1h/4h
07:09:04 [INFO] main: [XANUSDT] enriched [15m,1h,4h] price=0.008775 ADX=61.0 RSI=54.9 vol=0.08x
07:09:04 [INFO] strategies.confluence_engine: [XANUSDT] votes: EMA_RSI=∅ BREAKOUT=∅ MTF_TREND=∅ SR_BOUNCE=∅
07:09:04 [INFO] main: [XANUSDT] no qualifying setup
07:09:04 [INFO] main: [1000BONKUSDT] fetching candles 15m/1h/4h
07:09:09 [INFO] main: [1000BONKUSDT] enriched [15m,1h,4h] price=0.006383 ADX=16.4 RSI=69.0 vol=0.47x
07:09:09 [INFO] strategies.confluence_engine: [1000BONKUSDT] votes: EMA_RSI=∅ BREAKOUT=∅ MTF_TREND=∅ SR_BOUNCE=∅
07:09:09 [INFO] main: [1000BONKUSDT] no qualifying setup
07:09:09 [INFO] main: [BLESSUSDT] fetching candles 15m/1h/4h
07:09:11 [INFO] main: [BLESSUSDT] enriched [15m,1h,4h] price=0.006419 ADX=11.9 RSI=49.6 vol=0.25x
07:09:11 [INFO] strategies.confluence_engine: [BLESSUSDT] SR_BOUNCE → LONG conf=0.50 | Bounce off support 0.006371 | RSI=49.6 | vol=0.2x
07:09:11 [INFO] strategies.confluence_engine: [BLESSUSDT] votes: EMA_RSI=∅ BREAKOUT=∅ MTF_TREND=∅ SR_BOUNCE=LONG(0.50)
07:09:11 [INFO] main: [BLESSUSDT] no qualifying setup
07:09:11 [INFO] main: [JCTUSDT] fetching candles 15m/1h/4h
07:09:14 [INFO] main: [JCTUSDT] enriched [15m,1h,4h] price=0.002914 ADX=47.5 RSI=59.5 vol=1.60x
07:09:14 [INFO] strategies.confluence_engine: [JCTUSDT] votes: EMA_RSI=∅ BREAKOUT=∅ MTF_TREND=∅ SR_BOUNCE=∅
07:09:14 [INFO] main: [JCTUSDT] no qualifying setup
07:09:14 [INFO] main: [TRUUSDT] fetching candles 15m/1h/4h
07:09:15 [INFO] main: [TRUUSDT] enriched [15m,1h,4h] price=0.0031 ADX=29.7 RSI=51.2 vol=0.54x
07:09:15 [INFO] strategies.confluence_engine: [TRUUSDT] votes: EMA_RSI=∅ BREAKOUT=∅ MTF_TREND=∅ SR_BOUNCE=∅
07:09:15 [INFO] main: [TRUUSDT] no qualifying setup
07:09:15 [INFO] main: [PENGUUSDT] fetching candles 15m/1h/4h
07:09:17 [INFO] main: [PENGUUSDT] enriched [15m,1h,4h] price=0.009471 ADX=27.9 RSI=78.1 vol=2.30x
07:09:17 [INFO] strategies.confluence_engine: [PENGUUSDT] votes: EMA_RSI=∅ BREAKOUT=∅ MTF_TREND=∅ SR_BOUNCE=∅
07:09:17 [INFO] main: [PENGUUSDT] no qualifying setup
07:09:17 [INFO] main: [BOMEUSDT] fetching candles 15m/1h/4h
07:09:19 [INFO] main: [BOMEUSDT] enriched [15m,1h,4h] price=0.000529 ADX=16.9 RSI=66.6 vol=0.20x
07:09:19 [INFO] strategies.confluence_engine: [BOMEUSDT] votes: EMA_RSI=∅ BREAKOUT=∅ MTF_TREND=∅ SR_BOUNCE=∅
07:09:19 [INFO] main: [BOMEUSDT] no qualifying setup
07:09:19 [INFO] main: [MEMEUSDT] fetching candles 15m/1h/4h
07:09:24 [INFO] main: [MEMEUSDT] enriched [15m,1h,4h] price=0.00058 ADX=17.2 RSI=61.7 vol=0.36x
07:09:24 [INFO] strategies.confluence_engine: [MEMEUSDT] votes: EMA_RSI=∅ BREAKOUT=∅ MTF_TREND=∅ SR_BOUNCE=∅
07:09:24 [INFO] main: [MEMEUSDT] no qualifying setup
07:09:24 [INFO] main: [GPSUSDT] fetching candles 15m/1h/4h
07:09:28 [INFO] main: [GPSUSDT] enriched [15m,1h,4h] price=0.00672 ADX=45.0 RSI=25.7 vol=0.30x
07:09:28 [INFO] strategies.confluence_engine: [GPSUSDT] votes: EMA_RSI=∅ BREAKOUT=∅ MTF_TREND=∅ SR_BOUNCE=∅
07:09:28 [INFO] main: [GPSUSDT] no qualifying setup
07:09:28 [INFO] main: ━━ Scan complete ━━
07:09:50 [INFO] main: ━━ Scan start: 12 pairs ━━
07:09:50 [INFO] main: [1000PEPEUSDT] fetching candles 15m/1h/4h
07:09:55 [INFO] main: [1000PEPEUSDT] enriched [15m,1h,4h] price=0.003953 ADX=21.3 RSI=68.5 vol=0.69x
07:09:55 [INFO] strategies.confluence_engine: [1000PEPEUSDT] votes: EMA_RSI=∅ BREAKOUT=∅ MTF_TREND=∅ SR_BOUNCE=∅
07:09:55 [INFO] main: [1000PEPEUSDT] no qualifying setup
07:09:55 [INFO] main: [FIGHTUSDT] fetching candles 15m/1h/4h
07:09:59 [INFO] main: [FIGHTUSDT] enriched [15m,1h,4h] price=0.004019 ADX=31.8 RSI=53.4 vol=0.30x
07:09:59 [INFO] strategies.confluence_engine: [FIGHTUSDT] SR_BOUNCE → SHORT conf=0.50 | Reject at resistance 0.004053 | RSI=53.4 | vol=0.3x
07:09:59 [INFO] strategies.confluence_engine: [FIGHTUSDT] votes: EMA_RSI=∅ BREAKOUT=∅ MTF_TREND=∅ SR_BOUNCE=SHORT(0.50)
07:09:59 [INFO] main: [FIGHTUSDT] no qualifying setup
07:09:59 [INFO] main: [GALAUSDT] fetching candles 15m/1h/4h
07:10:01 [INFO] main: [GALAUSDT] enriched [15m,1h,4h] price=0.00345 ADX=17.0 RSI=67.3 vol=1.01x
07:10:01 [INFO] strategies.confluence_engine: [GALAUSDT] votes: EMA_RSI=∅ BREAKOUT=∅ MTF_TREND=∅ SR_BOUNCE=∅
07:10:01 [INFO] main: [GALAUSDT] no qualifying setup
07:10:01 [INFO] main: [XANUSDT] fetching candles 15m/1h/4h
07:10:03 [INFO] main: [XANUSDT] enriched [15m,1h,4h] price=0.008781 ADX=61.0 RSI=55.1 vol=0.09x
07:10:03 [INFO] strategies.confluence_engine: [XANUSDT] votes: EMA_RSI=∅ BREAKOUT=∅ MTF_TREND=∅ SR_BOUNCE=∅
07:10:03 [INFO] main: [XANUSDT] no qualifying setup
07:10:03 [INFO] main: [1000BONKUSDT] fetching candles 15m/1h/4h
07:10:06 [INFO] main: [1000BONKUSDT] enriched [15m,1h,4h] price=0.006394 ADX=16.8 RSI=70.6 vol=0.83x
07:10:06 [INFO] strategies.confluence_engine: [1000BONKUSDT] votes: EMA_RSI=∅ BREAKOUT=∅ MTF_TREND=∅ SR_BOUNCE=∅
07:10:06 [INFO] main: [1000BONKUSDT] no qualifying setup
07:10:06 [INFO] main: [BLESSUSDT] fetching candles 15m/1h/4h
07:10:13 [INFO] main: [BLESSUSDT] enriched [15m,1h,4h] price=0.006415 ADX=11.9 RSI=49.2 vol=0.27x
07:10:13 [INFO] strategies.confluence_engine: [BLESSUSDT] SR_BOUNCE → LONG conf=0.50 | Bounce off support 0.006371 | RSI=49.2 | vol=0.3x
07:10:13 [INFO] strategies.confluence_engine: [BLESSUSDT] votes: EMA_RSI=∅ BREAKOUT=∅ MTF_TREND=∅ SR_BOUNCE=LONG(0.50)
07:10:13 [INFO] main: [BLESSUSDT] no qualifying setup
07:10:13 [INFO] main: [JCTUSDT] fetching candles 15m/1h/4h
07:10:16 [INFO] main: [JCTUSDT] enriched [15m,1h,4h] price=0.002904 ADX=47.5 RSI=57.0 vol=1.72x
07:10:16 [INFO] strategies.confluence_engine: [JCTUSDT] SR_BOUNCE → SHORT conf=0.60 | Reject at resistance 0.002923 | RSI=57.0 | vol=1.7x
07:10:16 [INFO] strategies.confluence_engine: [JCTUSDT] votes: EMA_RSI=∅ BREAKOUT=∅ MTF_TREND=∅ SR_BOUNCE=SHORT(0.60)
07:10:16 [INFO] strategies.confluence_engine: [JCTUSDT] reject — DMI not aligned with SHORT
07:10:16 [INFO] main: [JCTUSDT] no qualifying setup
07:10:16 [INFO] main: [TRUUSDT] fetching candles 15m/1h/4h
07:10:17 [INFO] main: [TRUUSDT] enriched [15m,1h,4h] price=0.003 ADX=29.7 RSI=45.8 vol=0.55x
07:10:17 [INFO] strategies.confluence_engine: [TRUUSDT] votes: EMA_RSI=∅ BREAKOUT=∅ MTF_TREND=∅ SR_BOUNCE=∅
07:10:17 [INFO] main: [TRUUSDT] no qualifying setup
07:10:17 [INFO] main: [PENGUUSDT] fetching candles 15m/1h/4h
07:10:19 [INFO] main: [PENGUUSDT] enriched [15m,1h,4h] price=0.00953 ADX=28.0 RSI=79.5 vol=2.47x
07:10:19 [INFO] strategies.confluence_engine: [PENGUUSDT] votes: EMA_RSI=∅ BREAKOUT=∅ MTF_TREND=∅ SR_BOUNCE=∅
07:10:19 [INFO] main: [PENGUUSDT] no qualifying setup
07:10:19 [INFO] main: [BOMEUSDT] fetching candles 15m/1h/4h
07:10:20 [INFO] main: [BOMEUSDT] enriched [15m,1h,4h] price=0.000529 ADX=16.9 RSI=66.6 vol=0.20x
07:10:20 [INFO] strategies.confluence_engine: [BOMEUSDT] votes: EMA_RSI=∅ BREAKOUT=∅ MTF_TREND=∅ SR_BOUNCE=∅
07:10:20 [INFO] main: [BOMEUSDT] no qualifying setup
07:10:20 [INFO] main: [MEMEUSDT] fetching candles 15m/1h/4h
07:10:21 [INFO] main: [MEMEUSDT] enriched [15m,1h,4h] price=0.000581 ADX=17.5 RSI=63.8 vol=0.53x
07:10:21 [INFO] strategies.confluence_engine: [MEMEUSDT] votes: EMA_RSI=∅ BREAKOUT=∅ MTF_TREND=∅ SR_BOUNCE=∅
07:10:21 [INFO] main: [MEMEUSDT] no qualifying setup
07:10:21 [INFO] main: [GPSUSDT] fetching candles 15m/1h/4h
07:10:24 [INFO] main: [GPSUSDT] enriched [15m,1h,4h] price=0.00671 ADX=45.0 RSI=24.5 vol=0.30x
07:10:24 [INFO] strategies.confluence_engine: [GPSUSDT] votes: EMA_RSI=∅ BREAKOUT=∅ MTF_TREND=∅ SR_BOUNCE=∅
07:10:24 [INFO] main: [GPSUSDT] no qualifying setup
07:10:24 [INFO] main: ━━ Scan complete ━━
07:10:29 [INFO] main: Shutting down bot...
07:10:29 [INFO] main: Final stats: {'balance': 10000.0, 'peak_balance': 10000.0, 'total_trades': 0, 'win_rate': 0, 'avg_win': 0, 'avg_loss': 0, 'daily_pnl': 0.0, 'drawdown_pct': 0.0, 'consecutive_losses': 0, 'open_positions': 0, 'trading_halted': False, 'halt_reason': ''}
07:15:13 [INFO] main: Initializing bot in PAPER mode (balance=$10,000.00)
07:15:13 [INFO] agent.strategy_agent: agent: fresh state, no prior at data/agent_state.json
07:15:13 [INFO] strategies.confluence_engine: ConfluenceEngine ready: strategies=['EMA_RSI', 'BREAKOUT', 'MTF_TREND', 'SR_BOUNCE'] hype_strict=False agent_arms=0 agent_trades=0
07:15:13 [INFO] main: Discovering live fees from CoinSwitch API…
07:15:14 [INFO] main: Fee discovery: no usable response → using FeeModel(config): taker=0.05% maker=0.05% gst=18.0% tds=1.0% mode=sell_only → round-trip ≈ 1.118%
07:15:14 [INFO] main: Bot started. Press Ctrl+C to stop.
07:15:14 [INFO] main: ━━ Scan start: 12 pairs ━━
07:15:14 [INFO] main: [1000PEPEUSDT] fetching candles 15m/1h/4h
07:15:16 [INFO] main: [1000PEPEUSDT] enriched [15m,1h,4h] price=0.0039541 ADX=21.5 RSI=68.8 vol=0.01x
07:15:16 [INFO] strategies.confluence_engine: [1000PEPEUSDT] votes: EMA_RSI=∅(no EMA cross/continuation) BREAKOUT=∅(no break (price=0.0039541 S=0.0039041 R=0.00407272)) MTF_TREND=∅(MTF up aligned, no entry trigger on 15m) SR_BOUNCE=∅(price not near SR (Δsup=1.3% Δres=3.0%))
07:15:16 [INFO] main: [1000PEPEUSDT] no qualifying setup
07:15:16 [INFO] main: [FIGHTUSDT] fetching candles 15m/1h/4h
07:15:18 [INFO] main: [FIGHTUSDT] enriched [15m,1h,4h] price=0.003979 ADX=30.4 RSI=49.0 vol=0.01x
07:15:18 [INFO] strategies.confluence_engine: [FIGHTUSDT] SR_BOUNCE → SHORT conf=0.60 | Reject at resistance 0.004000 | RSI=49.0 | vol=0.0x
07:15:18 [INFO] strategies.confluence_engine: [FIGHTUSDT] votes: EMA_RSI=∅(no EMA cross/continuation) BREAKOUT=∅(no break (price=0.003979 S=0.003933 R=0.004)) MTF_TREND=∅(MTF up aligned, no entry trigger on 15m) SR_BOUNCE=SHORT(0.60)
07:15:18 [INFO] strategies.confluence_engine: [FIGHTUSDT] reject — no confluence (L=0 S=1 need ≥2; solo_SR=no solo_trend=no)
07:15:18 [INFO] main: [FIGHTUSDT] no qualifying setup
07:15:18 [INFO] main: [GALAUSDT] fetching candles 15m/1h/4h
07:15:19 [INFO] main: [GALAUSDT] enriched [15m,1h,4h] price=0.00344 ADX=18.6 RSI=64.2 vol=0.00x
07:15:19 [INFO] strategies.confluence_engine: [GALAUSDT] SR_BOUNCE → SHORT conf=0.60 | Reject at resistance 0.003460 | RSI=64.2 | vol=0.0x
07:15:19 [INFO] strategies.confluence_engine: [GALAUSDT] votes: EMA_RSI=∅(no EMA cross/continuation) BREAKOUT=∅(no break (price=0.00344 S=0.00341 R=0.0035432)) MTF_TREND=∅(MTF up aligned, no entry trigger on 15m) SR_BOUNCE=SHORT(0.60)
07:15:19 [INFO] strategies.confluence_engine: [GALAUSDT] reject — no confluence (L=0 S=1 need ≥2; solo_SR=no solo_trend=no)
07:15:19 [INFO] main: [GALAUSDT] no qualifying setup
07:15:19 [INFO] main: [XANUSDT] fetching candles 15m/1h/4h
07:15:21 [INFO] main: [XANUSDT] enriched [15m,1h,4h] price=0.008819 ADX=60.9 RSI=56.5 vol=0.00x
07:15:21 [INFO] strategies.confluence_engine: [XANUSDT] votes: EMA_RSI=∅(no EMA cross/continuation) BREAKOUT=∅(no break (price=0.008819 S=0.00867 R=0.00968)) MTF_TREND=∅(4H trend neutral) SR_BOUNCE=∅(price not near SR (Δsup=1.7% Δres=9.8%))
07:15:21 [INFO] main: [XANUSDT] no qualifying setup
07:15:21 [INFO] main: [1000BONKUSDT] fetching candles 15m/1h/4h
07:15:23 [INFO] main: [1000BONKUSDT] enriched [15m,1h,4h] price=0.006403 ADX=18.2 RSI=71.9 vol=0.02x
07:15:23 [INFO] strategies.confluence_engine: [1000BONKUSDT] votes: EMA_RSI=∅(no EMA cross/continuation) BREAKOUT=∅(no break (price=0.006403 S=0.006286 R=0.00659509)) MTF_TREND=∅(MTF up aligned, no entry trigger on 15m) SR_BOUNCE=∅(price not near SR (Δsup=1.6% Δres=3.0%))
07:15:23 [INFO] main: [1000BONKUSDT] no qualifying setup
07:15:23 [INFO] main: [BLESSUSDT] fetching candles 15m/1h/4h
07:15:25 [INFO] main: [BLESSUSDT] enriched [15m,1h,4h] price=0.006418 ADX=11.5 RSI=49.5 vol=0.06x
07:15:25 [INFO] strategies.confluence_engine: [BLESSUSDT] SR_BOUNCE → LONG conf=0.50 | Bounce off support 0.006371 | RSI=49.5 | vol=0.1x
07:15:25 [INFO] strategies.confluence_engine: [BLESSUSDT] votes: EMA_RSI=∅(ADX=11.5 ≤ 18) BREAKOUT=∅(no break (price=0.006418 S=0.006371 R=0.006478)) MTF_TREND=∅(4H down but 1H not confirming) SR_BOUNCE=LONG(0.50)
07:15:25 [INFO] strategies.confluence_engine: [BLESSUSDT] reject — no confluence (L=1 S=0 need ≥2; solo_SR=no solo_trend=no)
07:15:25 [INFO] main: [BLESSUSDT] no qualifying setup
07:15:25 [INFO] main: [JCTUSDT] fetching candles 15m/1h/4h
07:15:27 [INFO] main: [JCTUSDT] enriched [15m,1h,4h] price=0.002903 ADX=45.9 RSI=56.6 vol=0.04x
07:15:27 [INFO] strategies.confluence_engine: [JCTUSDT] SR_BOUNCE → SHORT conf=0.50 | Reject at resistance 0.002923 | RSI=56.6 | vol=0.0x
07:15:27 [INFO] strategies.confluence_engine: [JCTUSDT] votes: EMA_RSI=∅(no EMA cross/continuation) BREAKOUT=∅(no break (price=0.002903 S=0.002821 R=0.002923)) MTF_TREND=∅(4H trend neutral) SR_BOUNCE=SHORT(0.50)
07:15:27 [INFO] strategies.confluence_engine: [JCTUSDT] reject — no confluence (L=0 S=1 need ≥2; solo_SR=no solo_trend=no)
07:15:27 [INFO] main: [JCTUSDT] no qualifying setup
07:15:27 [INFO] main: [TRUUSDT] fetching candles 15m/1h/4h
07:15:28 [INFO] main: [TRUUSDT] enriched [15m,1h,4h] price=0.003 ADX=30.2 RSI=45.4 vol=0.01x
07:15:28 [INFO] strategies.confluence_engine: [TRUUSDT] votes: EMA_RSI=∅(short trigger but RSI=45.4 ≥ 45) BREAKOUT=∅(no break (price=0.003 S=0.00291 R=0.0031)) MTF_TREND=∅(MTF down aligned, no entry trigger on 15m) SR_BOUNCE=∅(price not near SR (Δsup=3.3% Δres=3.3%))
07:15:28 [INFO] main: [TRUUSDT] no qualifying setup
07:15:28 [INFO] main: [PENGUUSDT] fetching candles 15m/1h/4h
07:15:29 [INFO] main: [PENGUUSDT] enriched [15m,1h,4h] price=0.009542 ADX=30.8 RSI=79.9 vol=0.07x
07:15:29 [INFO] strategies.confluence_engine: [PENGUUSDT] votes: EMA_RSI=∅(no EMA cross/continuation) BREAKOUT=∅(no break (price=0.009542 S=0.008982 R=0.00982826)) MTF_TREND=∅(MTF up aligned, no entry trigger on 15m) SR_BOUNCE=∅(price not near SR (Δsup=5.9% Δres=3.0%))
07:15:29 [INFO] main: [PENGUUSDT] no qualifying setup
07:15:29 [INFO] main: [BOMEUSDT] fetching candles 15m/1h/4h
07:15:30 [INFO] main: [BOMEUSDT] enriched [15m,1h,4h] price=0.000531 ADX=17.1 RSI=69.9 vol=0.92x
07:15:30 [INFO] strategies.confluence_engine: [BOMEUSDT] SR_BOUNCE → SHORT conf=0.60 | Reject at resistance 0.000534 | RSI=69.9 | vol=0.9x
07:15:30 [INFO] strategies.confluence_engine: [BOMEUSDT] votes: EMA_RSI=∅(ADX=17.1 ≤ 18) BREAKOUT=∅(no break (price=0.000531 S=0.000523 R=0.00054693)) MTF_TREND=∅(MTF aligned but ADX=17.1 ≤ 18) SR_BOUNCE=SHORT(0.60)
07:15:30 [INFO] strategies.confluence_engine: [BOMEUSDT] reject — no confluence (L=0 S=1 need ≥2; solo_SR=no solo_trend=no)
07:15:30 [INFO] main: [BOMEUSDT] no qualifying setup
07:15:30 [INFO] main: [MEMEUSDT] fetching candles 15m/1h/4h
07:15:31 [INFO] main: [MEMEUSDT] enriched [15m,1h,4h] price=0.000581 ADX=16.8 RSI=63.8 vol=0.00x
07:15:31 [INFO] strategies.confluence_engine: [MEMEUSDT] SR_BOUNCE → SHORT conf=0.50 | Reject at resistance 0.000585 | RSI=63.8 | vol=0.0x
07:15:31 [INFO] strategies.confluence_engine: [MEMEUSDT] votes: EMA_RSI=∅(ADX=16.8 ≤ 18) BREAKOUT=∅(no break (price=0.000581 S=0.000575 R=0.00059843)) MTF_TREND=∅(MTF aligned but ADX=16.8 ≤ 18) SR_BOUNCE=SHORT(0.50)
07:15:31 [INFO] strategies.confluence_engine: [MEMEUSDT] reject — no confluence (L=0 S=1 need ≥2; solo_SR=no solo_trend=no)
07:15:31 [INFO] main: [MEMEUSDT] no qualifying setup
07:15:31 [INFO] main: [GPSUSDT] fetching candles 15m/1h/4h
07:15:32 [INFO] main: [GPSUSDT] enriched [15m,1h,4h] price=0.00677 ADX=45.9 RSI=31.2 vol=0.00x
07:15:32 [INFO] strategies.confluence_engine: [GPSUSDT] votes: EMA_RSI=∅(no EMA cross/continuation) BREAKOUT=∅(no break (price=0.00677 S=0.0066 R=0.00707)) MTF_TREND=∅(4H trend neutral) SR_BOUNCE=∅(price not near SR (Δsup=2.5% Δres=4.4%))
07:15:32 [INFO] main: [GPSUSDT] no qualifying setup
07:15:32 [INFO] main: ━━ Scan complete ━━
07:16:16 [INFO] main: ━━ Scan start: 12 pairs ━━
07:16:16 [INFO] main: [1000PEPEUSDT] fetching candles 15m/1h/4h
07:16:18 [INFO] main: [1000PEPEUSDT] enriched [15m,1h,4h] price=0.0039524 ADX=21.5 RSI=68.1 vol=0.04x
07:16:18 [INFO] strategies.confluence_engine: [1000PEPEUSDT] votes: EMA_RSI=∅(no EMA cross/continuation) BREAKOUT=∅(no break (price=0.0039524 S=0.0039041 R=0.00407097)) MTF_TREND=∅(MTF up aligned, no entry trigger on 15m) SR_BOUNCE=∅(price not near SR (Δsup=1.2% Δres=3.0%))
07:16:18 [INFO] main: [1000PEPEUSDT] no qualifying setup
07:16:18 [INFO] main: [FIGHTUSDT] fetching candles 15m/1h/4h
07:16:20 [INFO] main: [FIGHTUSDT] enriched [15m,1h,4h] price=0.003981 ADX=30.3 RSI=49.2 vol=0.04x
07:16:20 [INFO] strategies.confluence_engine: [FIGHTUSDT] votes: EMA_RSI=∅(no EMA cross/continuation) BREAKOUT=∅(no break (price=0.003981 S=0.003933 R=0.004053)) MTF_TREND=∅(MTF up aligned, no entry trigger on 15m) SR_BOUNCE=∅(price not near SR (Δsup=1.2% Δres=1.8%))
07:16:20 [INFO] main: [FIGHTUSDT] no qualifying setup
07:16:20 [INFO] main: [GALAUSDT] fetching candles 15m/1h/4h
07:16:21 [INFO] main: [GALAUSDT] enriched [15m,1h,4h] price=0.00345 ADX=18.6 RSI=67.5 vol=0.02x
07:16:21 [INFO] strategies.confluence_engine: [GALAUSDT] SR_BOUNCE → SHORT conf=0.60 | Reject at resistance 0.003470 | RSI=67.5 | vol=0.0x
07:16:21 [INFO] strategies.confluence_engine: [GALAUSDT] votes: EMA_RSI=∅(no EMA cross/continuation) BREAKOUT=∅(no break (price=0.00345 S=0.00341 R=0.0035535)) MTF_TREND=∅(MTF up aligned, no entry trigger on 15m) SR_BOUNCE=SHORT(0.60)
07:16:21 [INFO] strategies.confluence_engine: [GALAUSDT] reject — no confluence (L=0 S=1 need ≥2; solo_SR=no solo_trend=no)
07:16:21 [INFO] main: [GALAUSDT] no qualifying setup
07:16:21 [INFO] main: [XANUSDT] fetching candles 15m/1h/4h
07:16:23 [INFO] main: [XANUSDT] enriched [15m,1h,4h] price=0.008822 ADX=60.9 RSI=56.7 vol=0.01x
07:16:23 [INFO] strategies.confluence_engine: [XANUSDT] votes: EMA_RSI=∅(no EMA cross/continuation) BREAKOUT=∅(no break (price=0.008822 S=0.00867 R=0.00968)) MTF_TREND=∅(4H trend neutral) SR_BOUNCE=∅(price not near SR (Δsup=1.7% Δres=9.7%))
07:16:23 [INFO] main: [XANUSDT] no qualifying setup
07:16:23 [INFO] main: [1000BONKUSDT] fetching candles 15m/1h/4h
07:16:25 [INFO] main: [1000BONKUSDT] enriched [15m,1h,4h] price=0.006396 ADX=18.2 RSI=70.9 vol=0.06x
07:16:25 [INFO] strategies.confluence_engine: [1000BONKUSDT] votes: EMA_RSI=∅(no EMA cross/continuation) BREAKOUT=∅(no break (price=0.006396 S=0.006286 R=0.00658788)) MTF_TREND=∅(MTF up aligned, no entry trigger on 15m) SR_BOUNCE=∅(price not near SR (Δsup=1.5% Δres=3.0%))
07:16:25 [INFO] main: [1000BONKUSDT] no qualifying setup
07:16:25 [INFO] main: [BLESSUSDT] fetching candles 15m/1h/4h
07:16:28 [INFO] main: [BLESSUSDT] enriched [15m,1h,4h] price=0.006418 ADX=11.5 RSI=49.5 vol=0.07x
07:16:28 [INFO] strategies.confluence_engine: [BLESSUSDT] SR_BOUNCE → LONG conf=0.50 | Bounce off support 0.006371 | RSI=49.5 | vol=0.1x
07:16:28 [INFO] strategies.confluence_engine: [BLESSUSDT] votes: EMA_RSI=∅(ADX=11.5 ≤ 18) BREAKOUT=∅(no break (price=0.006418 S=0.006371 R=0.006478)) MTF_TREND=∅(4H down but 1H not confirming) SR_BOUNCE=LONG(0.50)
07:16:28 [INFO] strategies.confluence_engine: [BLESSUSDT] reject — no confluence (L=1 S=0 need ≥2; solo_SR=no solo_trend=no)
07:16:28 [INFO] main: [BLESSUSDT] no qualifying setup
07:16:28 [INFO] main: [JCTUSDT] fetching candles 15m/1h/4h
07:16:30 [INFO] main: [JCTUSDT] enriched [15m,1h,4h] price=0.002896 ADX=45.6 RSI=55.1 vol=0.32x
07:16:30 [INFO] strategies.confluence_engine: [JCTUSDT] SR_BOUNCE → SHORT conf=0.50 | Reject at resistance 0.002923 | RSI=55.1 | vol=0.3x
07:16:30 [INFO] strategies.confluence_engine: [JCTUSDT] votes: EMA_RSI=∅(no EMA cross/continuation) BREAKOUT=∅(no break (price=0.002896 S=0.002821 R=0.002923)) MTF_TREND=∅(4H trend neutral) SR_BOUNCE=SHORT(0.50)
07:16:30 [INFO] strategies.confluence_engine: [JCTUSDT] reject — no confluence (L=0 S=1 need ≥2; solo_SR=no solo_trend=no)
07:16:30 [INFO] main: [JCTUSDT] no qualifying setup
07:16:30 [INFO] main: [TRUUSDT] fetching candles 15m/1h/4h
07:16:31 [INFO] main: [TRUUSDT] enriched [15m,1h,4h] price=0.003 ADX=30.2 RSI=45.4 vol=0.01x
07:16:31 [INFO] strategies.confluence_engine: [TRUUSDT] votes: EMA_RSI=∅(short trigger but RSI=45.4 ≥ 45) BREAKOUT=∅(no break (price=0.003 S=0.00291 R=0.0031)) MTF_TREND=∅(MTF down aligned, no entry trigger on 15m) SR_BOUNCE=∅(price not near SR (Δsup=3.3% Δres=3.3%))
07:16:31 [INFO] main: [TRUUSDT] no qualifying setup
07:16:31 [INFO] main: [PENGUUSDT] fetching candles 15m/1h/4h
07:16:32 [INFO] main: [PENGUUSDT] enriched [15m,1h,4h] price=0.009525 ADX=30.8 RSI=79.5 vol=0.18x
07:16:32 [INFO] strategies.confluence_engine: [PENGUUSDT] votes: EMA_RSI=∅(no EMA cross/continuation) BREAKOUT=∅(no break (price=0.009525 S=0.008982 R=0.00981075)) MTF_TREND=∅(MTF up aligned, no entry trigger on 15m) SR_BOUNCE=∅(price not near SR (Δsup=5.7% Δres=3.0%))
07:16:32 [INFO] main: [PENGUUSDT] no qualifying setup
07:16:32 [INFO] main: [BOMEUSDT] fetching candles 15m/1h/4h
07:16:33 [INFO] main: [BOMEUSDT] enriched [15m,1h,4h] price=0.00053 ADX=17.1 RSI=68.3 vol=0.94x
07:16:33 [INFO] strategies.confluence_engine: [BOMEUSDT] SR_BOUNCE → SHORT conf=0.60 | Reject at resistance 0.000533 | RSI=68.3 | vol=0.9x
07:16:33 [INFO] strategies.confluence_engine: [BOMEUSDT] votes: EMA_RSI=∅(ADX=17.1 ≤ 18) BREAKOUT=∅(no break (price=0.00053 S=0.000523 R=0.0005459)) MTF_TREND=∅(MTF aligned but ADX=17.1 ≤ 18) SR_BOUNCE=SHORT(0.60)
07:16:33 [INFO] strategies.confluence_engine: [BOMEUSDT] reject — no confluence (L=0 S=1 need ≥2; solo_SR=no solo_trend=no)
07:16:33 [INFO] main: [BOMEUSDT] no qualifying setup
07:16:33 [INFO] main: [MEMEUSDT] fetching candles 15m/1h/4h
07:16:34 [INFO] main: [MEMEUSDT] enriched [15m,1h,4h] price=0.000581 ADX=16.8 RSI=63.8 vol=0.00x
07:16:34 [INFO] strategies.confluence_engine: [MEMEUSDT] SR_BOUNCE → SHORT conf=0.50 | Reject at resistance 0.000585 | RSI=63.8 | vol=0.0x
07:16:34 [INFO] strategies.confluence_engine: [MEMEUSDT] votes: EMA_RSI=∅(ADX=16.8 ≤ 18) BREAKOUT=∅(no break (price=0.000581 S=0.000575 R=0.00059843)) MTF_TREND=∅(MTF aligned but ADX=16.8 ≤ 18) SR_BOUNCE=SHORT(0.50)
07:16:34 [INFO] strategies.confluence_engine: [MEMEUSDT] reject — no confluence (L=0 S=1 need ≥2; solo_SR=no solo_trend=no)
07:16:34 [INFO] main: [MEMEUSDT] no qualifying setup
07:16:34 [INFO] main: [GPSUSDT] fetching candles 15m/1h/4h
07:16:35 [INFO] main: [GPSUSDT] enriched [15m,1h,4h] price=0.00677 ADX=45.9 RSI=31.2 vol=0.03x
07:16:35 [INFO] strategies.confluence_engine: [GPSUSDT] votes: EMA_RSI=∅(no EMA cross/continuation) BREAKOUT=∅(no break (price=0.00677 S=0.0066 R=0.00707)) MTF_TREND=∅(4H trend neutral) SR_BOUNCE=∅(price not near SR (Δsup=2.5% Δres=4.4%))
07:16:35 [INFO] main: [GPSUSDT] no qualifying setup
07:16:35 [INFO] main: ━━ Scan complete ━━
07:17:17 [INFO] main: ━━ Scan start: 12 pairs ━━
07:17:17 [INFO] main: [1000PEPEUSDT] fetching candles 15m/1h/4h
07:17:20 [INFO] main: [1000PEPEUSDT] enriched [15m,1h,4h] price=0.003959 ADX=21.5 RSI=70.0 vol=0.11x
07:17:20 [INFO] strategies.confluence_engine: [1000PEPEUSDT] votes: EMA_RSI=∅(no EMA cross/continuation) BREAKOUT=∅(no break (price=0.003959 S=0.0039041 R=0.00407777)) MTF_TREND=∅(MTF up aligned, no entry trigger on 15m) SR_BOUNCE=∅(price not near SR (Δsup=1.4% Δres=3.0%))
07:17:20 [INFO] main: [1000PEPEUSDT] no qualifying setup
07:17:20 [INFO] main: [FIGHTUSDT] fetching candles 15m/1h/4h
07:17:22 [INFO] main: [FIGHTUSDT] enriched [15m,1h,4h] price=0.003982 ADX=30.3 RSI=49.3 vol=0.06x
07:17:22 [INFO] strategies.confluence_engine: [FIGHTUSDT] votes: EMA_RSI=∅(no EMA cross/continuation) BREAKOUT=∅(no break (price=0.003982 S=0.003933 R=0.004053)) MTF_TREND=∅(MTF up aligned, no entry trigger on 15m) SR_BOUNCE=∅(price not near SR (Δsup=1.2% Δres=1.8%))
07:17:22 [INFO] main: [FIGHTUSDT] no qualifying setup
07:17:22 [INFO] main: [GALAUSDT] fetching candles 15m/1h/4h
07:17:23 [INFO] main: [GALAUSDT] enriched [15m,1h,4h] price=0.00345 ADX=18.6 RSI=67.5 vol=0.32x
07:17:23 [INFO] strategies.confluence_engine: [GALAUSDT] SR_BOUNCE → SHORT conf=0.60 | Reject at resistance 0.003470 | RSI=67.5 | vol=0.3x
07:17:23 [INFO] strategies.confluence_engine: [GALAUSDT] votes: EMA_RSI=∅(no EMA cross/continuation) BREAKOUT=∅(no break (price=0.00345 S=0.00341 R=0.0035535)) MTF_TREND=∅(MTF up aligned, no entry trigger on 15m) SR_BOUNCE=SHORT(0.60)
07:17:23 [INFO] strategies.confluence_engine: [GALAUSDT] reject — no confluence (L=0 S=1 need ≥2; solo_SR=no solo_trend=no)
07:17:23 [INFO] main: [GALAUSDT] no qualifying setup
07:17:23 [INFO] main: [XANUSDT] fetching candles 15m/1h/4h
07:17:27 [INFO] main: [XANUSDT] enriched [15m,1h,4h] price=0.008833 ADX=60.9 RSI=57.2 vol=0.01x
07:17:27 [INFO] strategies.confluence_engine: [XANUSDT] votes: EMA_RSI=∅(no EMA cross/continuation) BREAKOUT=∅(no break (price=0.008833 S=0.00867 R=0.00968)) MTF_TREND=∅(4H trend neutral) SR_BOUNCE=∅(price not near SR (Δsup=1.8% Δres=9.6%))
07:17:27 [INFO] main: [XANUSDT] no qualifying setup
07:17:27 [INFO] main: [1000BONKUSDT] fetching candles 15m/1h/4h
07:17:31 [INFO] main: [1000BONKUSDT] enriched [15m,1h,4h] price=0.006413 ADX=18.4 RSI=73.2 vol=0.27x
07:17:31 [INFO] strategies.confluence_engine: [1000BONKUSDT] votes: EMA_RSI=∅(no EMA cross/continuation) BREAKOUT=∅(no break (price=0.006413 S=0.006286 R=0.00660539)) MTF_TREND=∅(MTF up aligned, no entry trigger on 15m) SR_BOUNCE=∅(price not near SR (Δsup=1.8% Δres=3.0%))
07:17:31 [INFO] main: [1000BONKUSDT] no qualifying setup
07:17:31 [INFO] main: [BLESSUSDT] fetching candles 15m/1h/4h
07:17:41 [INFO] main: [BLESSUSDT] enriched [15m,1h,4h] price=0.006415 ADX=11.5 RSI=49.2 vol=0.10x
07:17:41 [INFO] strategies.confluence_engine: [BLESSUSDT] SR_BOUNCE → LONG conf=0.50 | Bounce off support 0.006371 | RSI=49.2 | vol=0.1x
07:17:41 [INFO] strategies.confluence_engine: [BLESSUSDT] votes: EMA_RSI=∅(ADX=11.5 ≤ 18) BREAKOUT=∅(no break (price=0.006415 S=0.006371 R=0.006478)) MTF_TREND=∅(4H down but 1H not confirming) SR_BOUNCE=LONG(0.50)
07:17:41 [INFO] strategies.confluence_engine: [BLESSUSDT] reject — no confluence (L=1 S=0 need ≥2; solo_SR=no solo_trend=no)
07:17:41 [INFO] main: [BLESSUSDT] no qualifying setup
07:17:41 [INFO] main: [JCTUSDT] fetching candles 15m/1h/4h
07:17:43 [INFO] main: [JCTUSDT] enriched [15m,1h,4h] price=0.0029 ADX=45.6 RSI=56.0 vol=0.37x
07:17:43 [INFO] strategies.confluence_engine: [JCTUSDT] SR_BOUNCE → SHORT conf=0.50 | Reject at resistance 0.002923 | RSI=56.0 | vol=0.4x
07:17:43 [INFO] strategies.confluence_engine: [JCTUSDT] votes: EMA_RSI=∅(no EMA cross/continuation) BREAKOUT=∅(no break (price=0.0029 S=0.002821 R=0.002923)) MTF_TREND=∅(4H trend neutral) SR_BOUNCE=SHORT(0.50)
07:17:43 [INFO] strategies.confluence_engine: [JCTUSDT] reject — no confluence (L=0 S=1 need ≥2; solo_SR=no solo_trend=no)
07:17:43 [INFO] main: [JCTUSDT] no qualifying setup
07:17:43 [INFO] main: [TRUUSDT] fetching candles 15m/1h/4h
07:17:44 [INFO] main: [TRUUSDT] enriched [15m,1h,4h] price=0.003 ADX=30.2 RSI=45.4 vol=0.03x
07:17:44 [INFO] strategies.confluence_engine: [TRUUSDT] votes: EMA_RSI=∅(short trigger but RSI=45.4 ≥ 45) BREAKOUT=∅(no break (price=0.003 S=0.00291 R=0.0031)) MTF_TREND=∅(MTF down aligned, no entry trigger on 15m) SR_BOUNCE=∅(price not near SR (Δsup=3.3% Δres=3.3%))
07:17:44 [INFO] main: [TRUUSDT] no qualifying setup
07:17:44 [INFO] main: [PENGUUSDT] fetching candles 15m/1h/4h
07:17:46 [INFO] main: [PENGUUSDT] enriched [15m,1h,4h] price=0.009602 ADX=31.0 RSI=81.2 vol=0.49x
07:17:46 [INFO] strategies.confluence_engine: [PENGUUSDT] votes: EMA_RSI=∅(no EMA cross/continuation) BREAKOUT=∅(no break (price=0.009602 S=0.008982 R=0.00989006)) MTF_TREND=∅(MTF up aligned, no entry trigger on 15m) SR_BOUNCE=∅(price not near SR (Δsup=6.5% Δres=3.0%))
07:17:46 [INFO] main: [PENGUUSDT] no qualifying setup
07:17:46 [INFO] main: [BOMEUSDT] fetching candles 15m/1h/4h
07:17:47 [INFO] main: [BOMEUSDT] enriched [15m,1h,4h] price=0.000531 ADX=17.1 RSI=69.9 vol=1.26x
07:17:47 [INFO] strategies.confluence_engine: [BOMEUSDT] SR_BOUNCE → SHORT conf=0.60 | Reject at resistance 0.000534 | RSI=69.9 | vol=1.3x
07:17:47 [INFO] strategies.confluence_engine: [BOMEUSDT] votes: EMA_RSI=∅(ADX=17.1 ≤ 18) BREAKOUT=∅(no break (price=0.000531 S=0.000523 R=0.00054693)) MTF_TREND=∅(MTF aligned but ADX=17.1 ≤ 18) SR_BOUNCE=SHORT(0.60)
07:17:47 [INFO] strategies.confluence_engine: [BOMEUSDT] solo path → SR_BOUNCE SHORT conf=0.60
07:17:47 [INFO] strategies.confluence_engine: [BOMEUSDT] reject — DMI not aligned with SHORT
07:17:47 [INFO] main: [BOMEUSDT] no qualifying setup
07:17:47 [INFO] main: [MEMEUSDT] fetching candles 15m/1h/4h
07:17:48 [INFO] main: [MEMEUSDT] enriched [15m,1h,4h] price=0.000581 ADX=16.8 RSI=63.8 vol=0.00x
07:17:48 [INFO] strategies.confluence_engine: [MEMEUSDT] SR_BOUNCE → SHORT conf=0.50 | Reject at resistance 0.000585 | RSI=63.8 | vol=0.0x
07:17:48 [INFO] strategies.confluence_engine: [MEMEUSDT] votes: EMA_RSI=∅(ADX=16.8 ≤ 18) BREAKOUT=∅(no break (price=0.000581 S=0.000575 R=0.00059843)) MTF_TREND=∅(MTF aligned but ADX=16.8 ≤ 18) SR_BOUNCE=SHORT(0.50)
07:17:48 [INFO] strategies.confluence_engine: [MEMEUSDT] reject — no confluence (L=0 S=1 need ≥2; solo_SR=no solo_trend=no)
07:17:48 [INFO] main: [MEMEUSDT] no qualifying setup
07:17:48 [INFO] main: [GPSUSDT] fetching candles 15m/1h/4h
07:17:49 [INFO] main: [GPSUSDT] enriched [15m,1h,4h] price=0.00676 ADX=45.9 RSI=30.1 vol=0.07x
07:17:49 [INFO] strategies.confluence_engine: [GPSUSDT] votes: EMA_RSI=∅(no EMA cross/continuation) BREAKOUT=∅(no break (price=0.00676 S=0.0066 R=0.00707)) MTF_TREND=∅(4H trend neutral) SR_BOUNCE=∅(price not near SR (Δsup=2.4% Δres=4.6%))
07:17:49 [INFO] main: [GPSUSDT] no qualifying setup
07:17:49 [INFO] main: ━━ Scan complete ━━
07:18:19 [INFO] main: ━━ Scan start: 12 pairs ━━
07:18:19 [INFO] main: [1000PEPEUSDT] fetching candles 15m/1h/4h
07:18:21 [INFO] main: [1000PEPEUSDT] enriched [15m,1h,4h] price=0.0039679 ADX=21.8 RSI=72.1 vol=0.31x
07:18:21 [INFO] strategies.confluence_engine: [1000PEPEUSDT] votes: EMA_RSI=∅(no EMA cross/continuation) BREAKOUT=∅(no break (price=0.0039679 S=0.0039041 R=0.00408694)) MTF_TREND=∅(MTF up aligned, no entry trigger on 15m) SR_BOUNCE=∅(price not near SR (Δsup=1.6% Δres=3.0%))
07:18:21 [INFO] main: [1000PEPEUSDT] no qualifying setup
07:18:21 [INFO] main: [FIGHTUSDT] fetching candles 15m/1h/4h
07:18:24 [INFO] main: [FIGHTUSDT] enriched [15m,1h,4h] price=0.00398 ADX=30.3 RSI=49.1 vol=0.09x
07:18:24 [INFO] strategies.confluence_engine: [FIGHTUSDT] SR_BOUNCE → SHORT conf=0.60 | Reject at resistance 0.004000 | RSI=49.1 | vol=0.1x
07:18:24 [INFO] strategies.confluence_engine: [FIGHTUSDT] votes: EMA_RSI=∅(no EMA cross/continuation) BREAKOUT=∅(no break (price=0.00398 S=0.003933 R=0.004)) MTF_TREND=∅(MTF up aligned, no entry trigger on 15m) SR_BOUNCE=SHORT(0.60)
07:18:24 [INFO] strategies.confluence_engine: [FIGHTUSDT] reject — no confluence (L=0 S=1 need ≥2; solo_SR=no solo_trend=no)
07:18:24 [INFO] main: [FIGHTUSDT] no qualifying setup
07:18:24 [INFO] main: [GALAUSDT] fetching candles 15m/1h/4h
07:18:25 [INFO] main: [GALAUSDT] enriched [15m,1h,4h] price=0.00346 ADX=18.6 RSI=70.3 vol=0.42x
07:18:25 [INFO] strategies.confluence_engine: [GALAUSDT] SR_BOUNCE → SHORT conf=0.65 | Reject at resistance 0.003490 | RSI=70.3 | vol=0.4x
07:18:25 [INFO] strategies.confluence_engine: [GALAUSDT] votes: EMA_RSI=∅(no EMA cross/continuation) BREAKOUT=∅(no break (price=0.00346 S=0.00341 R=0.0035638)) MTF_TREND=∅(MTF up aligned, no entry trigger on 15m) SR_BOUNCE=SHORT(0.65)
07:18:25 [INFO] strategies.confluence_engine: [GALAUSDT] reject — no confluence (L=0 S=1 need ≥2; solo_SR=no solo_trend=no)
07:18:25 [INFO] main: [GALAUSDT] no qualifying setup
07:18:25 [INFO] main: [XANUSDT] fetching candles 15m/1h/4h
07:18:29 [INFO] main: [XANUSDT] enriched [15m,1h,4h] price=0.008801 ADX=60.9 RSI=55.6 vol=0.04x
07:18:29 [INFO] strategies.confluence_engine: [XANUSDT] votes: EMA_RSI=∅(no EMA cross/continuation) BREAKOUT=∅(no break (price=0.008801 S=0.00867 R=0.00968)) MTF_TREND=∅(4H trend neutral) SR_BOUNCE=∅(price not near SR (Δsup=1.5% Δres=10.0%))
07:18:29 [INFO] main: [XANUSDT] no qualifying setup
07:18:29 [INFO] main: [1000BONKUSDT] fetching candles 15m/1h/4h
07:18:32 [INFO] main: [1000BONKUSDT] enriched [15m,1h,4h] price=0.006417 ADX=18.5 RSI=73.7 vol=0.55x
07:18:32 [INFO] strategies.confluence_engine: [1000BONKUSDT] votes: EMA_RSI=∅(no EMA cross/continuation) BREAKOUT=∅(no break (price=0.006417 S=0.006286 R=0.00660951)) MTF_TREND=∅(MTF up aligned, no entry trigger on 15m) SR_BOUNCE=∅(price not near SR (Δsup=1.9% Δres=3.0%))
07:18:32 [INFO] main: [1000BONKUSDT] no qualifying setup
07:18:32 [INFO] main: [BLESSUSDT] fetching candles 15m/1h/4h
07:18:36 [INFO] main: [BLESSUSDT] enriched [15m,1h,4h] price=0.00641 ADX=11.5 RSI=48.7 vol=0.12x
07:18:36 [INFO] strategies.confluence_engine: [BLESSUSDT] SR_BOUNCE → LONG conf=0.50 | Bounce off support 0.006371 | RSI=48.7 | vol=0.1x
07:18:36 [INFO] strategies.confluence_engine: [BLESSUSDT] votes: EMA_RSI=∅(ADX=11.5 ≤ 18) BREAKOUT=∅(no break (price=0.00641 S=0.006371 R=0.006478)) MTF_TREND=∅(4H down but 1H not confirming) SR_BOUNCE=LONG(0.50)
07:18:36 [INFO] strategies.confluence_engine: [BLESSUSDT] reject — no confluence (L=1 S=0 need ≥2; solo_SR=no solo_trend=no)
07:18:36 [INFO] main: [BLESSUSDT] no qualifying setup
07:18:36 [INFO] main: [JCTUSDT] fetching candles 15m/1h/4h
07:18:43 [INFO] main: [JCTUSDT] enriched [15m,1h,4h] price=0.002899 ADX=45.6 RSI=55.8 vol=0.40x
07:18:43 [INFO] strategies.confluence_engine: [JCTUSDT] SR_BOUNCE → SHORT conf=0.50 | Reject at resistance 0.002923 | RSI=55.8 | vol=0.4x
07:18:43 [INFO] strategies.confluence_engine: [JCTUSDT] votes: EMA_RSI=∅(no EMA cross/continuation) BREAKOUT=∅(no break (price=0.002899 S=0.002821 R=0.002923)) MTF_TREND=∅(4H trend neutral) SR_BOUNCE=SHORT(0.50)
07:18:43 [INFO] strategies.confluence_engine: [JCTUSDT] reject — no confluence (L=0 S=1 need ≥2; solo_SR=no solo_trend=no)
07:18:43 [INFO] main: [JCTUSDT] no qualifying setup
07:18:43 [INFO] main: [TRUUSDT] fetching candles 15m/1h/4h
07:18:45 [INFO] main: [TRUUSDT] enriched [15m,1h,4h] price=0.003 ADX=30.2 RSI=45.4 vol=0.03x
07:18:45 [INFO] strategies.confluence_engine: [TRUUSDT] votes: EMA_RSI=∅(short trigger but RSI=45.4 ≥ 45) BREAKOUT=∅(no break (price=0.003 S=0.00291 R=0.0031)) MTF_TREND=∅(MTF down aligned, no entry trigger on 15m) SR_BOUNCE=∅(price not near SR (Δsup=3.3% Δres=3.3%))
07:18:45 [INFO] main: [TRUUSDT] no qualifying setup
07:18:45 [INFO] main: [PENGUUSDT] fetching candles 15m/1h/4h
07:18:48 [INFO] main: [PENGUUSDT] enriched [15m,1h,4h] price=0.009596 ADX=31.0 RSI=81.1 vol=0.65x
07:18:48 [INFO] strategies.confluence_engine: [PENGUUSDT] votes: EMA_RSI=∅(no EMA cross/continuation) BREAKOUT=∅(no break (price=0.009596 S=0.008982 R=0.00988388)) MTF_TREND=∅(MTF up aligned, no entry trigger on 15m) SR_BOUNCE=∅(price not near SR (Δsup=6.4% Δres=3.0%))
07:18:48 [INFO] main: [PENGUUSDT] no qualifying setup
07:18:48 [INFO] main: [BOMEUSDT] fetching candles 15m/1h/4h
07:18:50 [INFO] main: [BOMEUSDT] enriched [15m,1h,4h] price=0.000532 ADX=17.3 RSI=71.4 vol=1.33x
07:18:50 [INFO] strategies.confluence_engine: [BOMEUSDT] votes: EMA_RSI=∅(ADX=17.3 ≤ 18) BREAKOUT=∅(no break (price=0.000532 S=0.000523 R=0.00054796)) MTF_TREND=∅(MTF aligned but ADX=17.3 ≤ 18) SR_BOUNCE=∅(at support but RSI=71.4 ≥ 55)
07:18:50 [INFO] main: [BOMEUSDT] no qualifying setup
07:18:50 [INFO] main: [MEMEUSDT] fetching candles 15m/1h/4h
07:18:52 [INFO] main: [MEMEUSDT] enriched [15m,1h,4h] price=0.000583 ADX=17.4 RSI=67.6 vol=0.06x
07:18:52 [INFO] strategies.confluence_engine: [MEMEUSDT] votes: EMA_RSI=∅(ADX=17.4 ≤ 18) BREAKOUT=∅(no break (price=0.000583 S=0.000575 R=0.00060049)) MTF_TREND=∅(MTF aligned but ADX=17.4 ≤ 18) SR_BOUNCE=∅(SR-bounce filters not met)
07:18:52 [INFO] main: [MEMEUSDT] no qualifying setup
07:18:52 [INFO] main: [GPSUSDT] fetching candles 15m/1h/4h
07:18:53 [INFO] main: [GPSUSDT] enriched [15m,1h,4h] price=0.00678 ADX=45.7 RSI=32.2 vol=0.08x
07:18:53 [INFO] strategies.confluence_engine: [GPSUSDT] votes: EMA_RSI=∅(no EMA cross/continuation) BREAKOUT=∅(no break (price=0.00678 S=0.0066 R=0.00707)) MTF_TREND=∅(4H trend neutral) SR_BOUNCE=∅(price not near SR (Δsup=2.7% Δres=4.3%))
07:18:53 [INFO] main: [GPSUSDT] no qualifying setup
07:18:53 [INFO] main: ━━ Scan complete ━━
07:19:22 [INFO] main: ━━ Scan start: 12 pairs ━━
07:19:22 [INFO] main: [1000PEPEUSDT] fetching candles 15m/1h/4h
07:19:25 [INFO] main: [1000PEPEUSDT] enriched [15m,1h,4h] price=0.0039679 ADX=21.9 RSI=72.1 vol=0.44x
07:19:25 [INFO] strategies.confluence_engine: [1000PEPEUSDT] votes: EMA_RSI=∅(no EMA cross/continuation) BREAKOUT=∅(no break (price=0.0039679 S=0.0039041 R=0.00408694)) MTF_TREND=∅(MTF up aligned, no entry trigger on 15m) SR_BOUNCE=∅(price not near SR (Δsup=1.6% Δres=3.0%))
07:19:25 [INFO] main: [1000PEPEUSDT] no qualifying setup
07:19:25 [INFO] main: [FIGHTUSDT] fetching candles 15m/1h/4h
07:19:27 [INFO] main: [FIGHTUSDT] enriched [15m,1h,4h] price=0.003987 ADX=30.2 RSI=49.9 vol=0.13x
07:19:27 [INFO] strategies.confluence_engine: [FIGHTUSDT] votes: EMA_RSI=∅(no EMA cross/continuation) BREAKOUT=∅(no break (price=0.003987 S=0.003933 R=0.004053)) MTF_TREND=∅(MTF up aligned, no entry trigger on 15m) SR_BOUNCE=∅(price not near SR (Δsup=1.4% Δres=1.7%))
07:19:27 [INFO] main: [FIGHTUSDT] no qualifying setup
07:19:27 [INFO] main: [GALAUSDT] fetching candles 15m/1h/4h
07:19:28 [INFO] main: [GALAUSDT] enriched [15m,1h,4h] price=0.00346 ADX=18.6 RSI=70.3 vol=0.43x
07:19:28 [INFO] strategies.confluence_engine: [GALAUSDT] SR_BOUNCE → SHORT conf=0.65 | Reject at resistance 0.003490 | RSI=70.3 | vol=0.4x
07:19:28 [INFO] strategies.confluence_engine: [GALAUSDT] votes: EMA_RSI=∅(no EMA cross/continuation) BREAKOUT=∅(no break (price=0.00346 S=0.00341 R=0.0035638)) MTF_TREND=∅(MTF up aligned, no entry trigger on 15m) SR_BOUNCE=SHORT(0.65)
07:19:28 [INFO] strategies.confluence_engine: [GALAUSDT] reject — no confluence (L=0 S=1 need ≥2; solo_SR=no solo_trend=no)
07:19:28 [INFO] main: [GALAUSDT] no qualifying setup
07:19:28 [INFO] main: [XANUSDT] fetching candles 15m/1h/4h
07:19:31 [INFO] main: [XANUSDT] enriched [15m,1h,4h] price=0.008814 ADX=60.9 RSI=56.2 vol=0.04x
07:19:31 [INFO] strategies.confluence_engine: [XANUSDT] votes: EMA_RSI=∅(no EMA cross/continuation) BREAKOUT=∅(no break (price=0.008814 S=0.00867 R=0.00968)) MTF_TREND=∅(4H trend neutral) SR_BOUNCE=∅(price not near SR (Δsup=1.6% Δres=9.8%))
07:19:31 [INFO] main: [XANUSDT] no qualifying setup
07:19:31 [INFO] main: [1000BONKUSDT] fetching candles 15m/1h/4h
07:19:33 [INFO] main: [1000BONKUSDT] enriched [15m,1h,4h] price=0.006422 ADX=18.5 RSI=74.2 vol=0.93x
07:19:33 [INFO] strategies.confluence_engine: [1000BONKUSDT] votes: EMA_RSI=∅(no EMA cross/continuation) BREAKOUT=∅(no break (price=0.006422 S=0.006286 R=0.00661466)) MTF_TREND=∅(MTF up aligned, no entry trigger on 15m) SR_BOUNCE=∅(price not near SR (Δsup=1.9% Δres=3.0%))
07:19:33 [INFO] main: [1000BONKUSDT] no qualifying setup
07:19:33 [INFO] main: [BLESSUSDT] fetching candles 15m/1h/4h
07:19:35 [INFO] main: [BLESSUSDT] enriched [15m,1h,4h] price=0.006411 ADX=11.5 RSI=48.8 vol=0.14x
07:19:35 [INFO] strategies.confluence_engine: [BLESSUSDT] SR_BOUNCE → LONG conf=0.50 | Bounce off support 0.006371 | RSI=48.8 | vol=0.1x
07:19:35 [INFO] strategies.confluence_engine: [BLESSUSDT] votes: EMA_RSI=∅(ADX=11.5 ≤ 18) BREAKOUT=∅(no break (price=0.006411 S=0.006371 R=0.006478)) MTF_TREND=∅(4H down but 1H not confirming) SR_BOUNCE=LONG(0.50)
07:19:35 [INFO] strategies.confluence_engine: [BLESSUSDT] reject — no confluence (L=1 S=0 need ≥2; solo_SR=no solo_trend=no)
07:19:35 [INFO] main: [BLESSUSDT] no qualifying setup
07:19:35 [INFO] main: [JCTUSDT] fetching candles 15m/1h/4h
07:19:38 [INFO] main: [JCTUSDT] enriched [15m,1h,4h] price=0.002897 ADX=45.6 RSI=55.4 vol=0.44x
07:19:38 [INFO] strategies.confluence_engine: [JCTUSDT] SR_BOUNCE → SHORT conf=0.50 | Reject at resistance 0.002923 | RSI=55.4 | vol=0.4x
07:19:38 [INFO] strategies.confluence_engine: [JCTUSDT] votes: EMA_RSI=∅(no EMA cross/continuation) BREAKOUT=∅(no break (price=0.002897 S=0.002821 R=0.002923)) MTF_TREND=∅(4H trend neutral) SR_BOUNCE=SHORT(0.50)
07:19:38 [INFO] strategies.confluence_engine: [JCTUSDT] reject — no confluence (L=0 S=1 need ≥2; solo_SR=no solo_trend=no)
07:19:38 [INFO] main: [JCTUSDT] no qualifying setup
07:19:38 [INFO] main: [TRUUSDT] fetching candles 15m/1h/4h
07:19:39 [INFO] main: [TRUUSDT] enriched [15m,1h,4h] price=0.003 ADX=30.2 RSI=45.4 vol=0.03x
07:19:39 [INFO] strategies.confluence_engine: [TRUUSDT] votes: EMA_RSI=∅(short trigger but RSI=45.4 ≥ 45) BREAKOUT=∅(no break (price=0.003 S=0.00291 R=0.0031)) MTF_TREND=∅(MTF down aligned, no entry trigger on 15m) SR_BOUNCE=∅(price not near SR (Δsup=3.3% Δres=3.3%))
07:19:39 [INFO] main: [TRUUSDT] no qualifying setup
07:19:39 [INFO] main: [PENGUUSDT] fetching candles 15m/1h/4h
07:19:40 [INFO] main: [PENGUUSDT] enriched [15m,1h,4h] price=0.009629 ADX=31.1 RSI=81.7 vol=1.47x
07:19:40 [INFO] strategies.confluence_engine: [PENGUUSDT] votes: EMA_RSI=∅(no EMA cross/continuation) BREAKOUT=∅(no break (price=0.009629 S=0.008982 R=0.00991787)) MTF_TREND=∅(MTF up aligned, no entry trigger on 15m) SR_BOUNCE=∅(price not near SR (Δsup=6.7% Δres=3.0%))
07:19:40 [INFO] main: [PENGUUSDT] no qualifying setup
07:19:40 [INFO] main: [BOMEUSDT] fetching candles 15m/1h/4h
07:19:41 [INFO] main: [BOMEUSDT] enriched [15m,1h,4h] price=0.000533 ADX=17.6 RSI=72.7 vol=1.37x
07:19:41 [INFO] strategies.confluence_engine: [BOMEUSDT] votes: EMA_RSI=∅(ADX=17.6 ≤ 18) BREAKOUT=∅(no break (price=0.000533 S=0.000523 R=0.00054899)) MTF_TREND=∅(MTF aligned but ADX=17.6 ≤ 18) SR_BOUNCE=∅(at support but RSI=72.7 ≥ 55)
07:19:41 [INFO] main: [BOMEUSDT] no qualifying setup
07:19:41 [INFO] main: [MEMEUSDT] fetching candles 15m/1h/4h
07:19:42 [INFO] main: [MEMEUSDT] enriched [15m,1h,4h] price=0.000582 ADX=17.4 RSI=65.8 vol=0.23x
07:19:42 [INFO] strategies.confluence_engine: [MEMEUSDT] votes: EMA_RSI=∅(ADX=17.4 ≤ 18) BREAKOUT=∅(no break (price=0.000582 S=0.000575 R=0.00059946)) MTF_TREND=∅(MTF aligned but ADX=17.4 ≤ 18) SR_BOUNCE=∅(SR-bounce filters not met)
07:19:42 [INFO] main: [MEMEUSDT] no qualifying setup
07:19:42 [INFO] main: [GPSUSDT] fetching candles 15m/1h/4h
07:19:44 [INFO] main: [GPSUSDT] enriched [15m,1h,4h] price=0.00676 ADX=45.7 RSI=30.1 vol=0.10x
07:19:44 [INFO] strategies.confluence_engine: [GPSUSDT] votes: EMA_RSI=∅(no EMA cross/continuation) BREAKOUT=∅(no break (price=0.00676 S=0.0066 R=0.00707)) MTF_TREND=∅(4H trend neutral) SR_BOUNCE=∅(price not near SR (Δsup=2.4% Δres=4.6%))
07:19:44 [INFO] main: [GPSUSDT] no qualifying setup
07:19:44 [INFO] main: ━━ Scan complete ━━
07:19:55 [INFO] agent.strategy_agent: agent: fresh state, no prior at data/agent_state.json
07:19:55 [INFO] strategies.confluence_engine: ConfluenceEngine ready: strategies=['EMA_RSI', 'BREAKOUT', 'MTF_TREND', 'SR_BOUNCE'] hype_strict=False agent_arms=0 agent_trades=0
07:20:26 [INFO] main: ━━ Scan start: 12 pairs ━━
07:20:26 [INFO] main: [1000PEPEUSDT] fetching candles 15m/1h/4h
07:20:29 [INFO] main: [1000PEPEUSDT] enriched [15m,1h,4h] price=0.0039652 ADX=22.0 RSI=71.5 vol=0.61x
07:20:29 [INFO] strategies.confluence_engine: [1000PEPEUSDT] votes: EMA_RSI=∅(no EMA cross/continuation) BREAKOUT=∅(no break (price=0.0039652 S=0.0039041 R=0.00408416)) MTF_TREND=∅(MTF up aligned, no entry trigger on 15m) SR_BOUNCE=∅(price not near SR (Δsup=1.5% Δres=3.0%))
07:20:29 [INFO] main: [1000PEPEUSDT] no qualifying setup
07:20:29 [INFO] main: [FIGHTUSDT] fetching candles 15m/1h/4h
07:20:31 [INFO] main: [FIGHTUSDT] enriched [15m,1h,4h] price=0.003968 ADX=29.9 RSI=47.8 vol=0.19x
07:20:31 [INFO] strategies.confluence_engine: [FIGHTUSDT] SR_BOUNCE → LONG conf=0.50 | Bounce off support 0.003933 | RSI=47.8 | vol=0.2x
07:20:31 [INFO] strategies.confluence_engine: [FIGHTUSDT] votes: EMA_RSI=∅(no EMA cross/continuation) BREAKOUT=∅(no break (price=0.003968 S=0.003933 R=0.003995)) MTF_TREND=∅(MTF up aligned, no entry trigger on 15m) SR_BOUNCE=LONG(0.50)
07:20:31 [INFO] strategies.confluence_engine: [FIGHTUSDT] reject — no confluence (L=1 S=0 need ≥2; solo_SR=no solo_trend=no)
07:20:31 [INFO] main: [FIGHTUSDT] no qualifying setup
07:20:31 [INFO] main: [GALAUSDT] fetching candles 15m/1h/4h
07:20:32 [INFO] main: [GALAUSDT] enriched [15m,1h,4h] price=0.00345 ADX=18.6 RSI=67.5 vol=0.44x
07:20:32 [INFO] strategies.confluence_engine: [GALAUSDT] SR_BOUNCE → SHORT conf=0.60 | Reject at resistance 0.003470 | RSI=67.5 | vol=0.4x
07:20:32 [INFO] strategies.confluence_engine: [GALAUSDT] votes: EMA_RSI=∅(no EMA cross/continuation) BREAKOUT=∅(no break (price=0.00345 S=0.00341 R=0.0035535)) MTF_TREND=∅(MTF up aligned, no entry trigger on 15m) SR_BOUNCE=SHORT(0.60)
07:20:32 [INFO] strategies.confluence_engine: [GALAUSDT] reject — no confluence (L=0 S=1 need ≥2; solo_SR=no solo_trend=no)
07:20:32 [INFO] main: [GALAUSDT] no qualifying setup
07:20:32 [INFO] main: [XANUSDT] fetching candles 15m/1h/4h
07:20:34 [INFO] main: Shutting down bot...
07:20:34 [INFO] main: Final stats: {'balance': 10000.0, 'peak_balance': 10000.0, 'total_trades': 0, 'win_rate': 0, 'avg_win': 0, 'avg_loss': 0, 'daily_pnl': 0.0, 'drawdown_pct': 0.0, 'consecutive_losses': 0, 'open_positions': 0, 'trading_halted': False, 'halt_reason': ''}
07:20:38 [INFO] main: Initializing bot in PAPER mode (balance=$10,000.00)
07:20:38 [INFO] agent.strategy_agent: agent: fresh state, no prior at data/agent_state.json
07:20:38 [INFO] strategies.confluence_engine: ConfluenceEngine ready: strategies=['EMA_RSI', 'BREAKOUT', 'MTF_TREND', 'SR_BOUNCE'] hype_strict=False agent_arms=0 agent_trades=0
07:20:38 [INFO] main: Discovering live fees from CoinSwitch API…
07:20:39 [INFO] main: Fee discovery: no usable response → using FeeModel(config): taker=0.05% maker=0.05% gst=18.0% tds=1.0% mode=sell_only → round-trip ≈ 1.118%
07:20:39 [INFO] main: Bot started. Press Ctrl+C to stop.
07:20:39 [INFO] main: ━━ Scan start: 12 pairs ━━
07:20:39 [INFO] main: [1000PEPEUSDT] fetching candles 15m/1h/4h
07:20:42 [INFO] main: [1000PEPEUSDT] enriched [15m,1h,4h] price=0.0039649 ADX=22.0 RSI=71.4 vol=0.62x
07:20:42 [INFO] strategies.confluence_engine: [1000PEPEUSDT] votes: EMA_RSI=∅(no EMA cross/continuation) BREAKOUT=∅(no break (price=0.0039649 S=0.0039041 R=0.00408385)) MTF_TREND=∅(MTF up aligned, no entry trigger on 15m) SR_BOUNCE=∅(price not near SR (Δsup=1.5% Δres=3.0%))
07:20:42 [INFO] main: [1000PEPEUSDT] no qualifying setup
07:20:42 [INFO] main: [FIGHTUSDT] fetching candles 15m/1h/4h
07:20:44 [INFO] main: [FIGHTUSDT] enriched [15m,1h,4h] price=0.003968 ADX=29.9 RSI=47.8 vol=0.20x
07:20:44 [INFO] strategies.confluence_engine: [FIGHTUSDT] SR_BOUNCE → LONG conf=0.50 | Bounce off support 0.003933 | RSI=47.8 | vol=0.2x
07:20:44 [INFO] strategies.confluence_engine: [FIGHTUSDT] votes: EMA_RSI=∅(no EMA cross/continuation) BREAKOUT=∅(no break (price=0.003968 S=0.003933 R=0.003995)) MTF_TREND=∅(MTF up aligned, no entry trigger on 15m) SR_BOUNCE=LONG(0.50)
07:20:44 [INFO] strategies.confluence_engine: [FIGHTUSDT] reject — no confluence (L=1 S=0 need ≥2; solo_SR=no solo_trend=no)
07:20:44 [INFO] main: [FIGHTUSDT] no qualifying setup
07:20:44 [INFO] main: [GALAUSDT] fetching candles 15m/1h/4h
07:20:46 [INFO] main: [GALAUSDT] enriched [15m,1h,4h] price=0.00345 ADX=18.6 RSI=67.5 vol=0.44x
07:20:46 [INFO] strategies.confluence_engine: [GALAUSDT] SR_BOUNCE → SHORT conf=0.60 | Reject at resistance 0.003470 | RSI=67.5 | vol=0.4x
07:20:46 [INFO] strategies.confluence_engine: [GALAUSDT] votes: EMA_RSI=∅(no EMA cross/continuation) BREAKOUT=∅(no break (price=0.00345 S=0.00341 R=0.0035535)) MTF_TREND=∅(MTF up aligned, no entry trigger on 15m) SR_BOUNCE=SHORT(0.60)
07:20:46 [INFO] strategies.confluence_engine: [GALAUSDT] reject — no confluence (L=0 S=1 need ≥2; solo_SR=no solo_trend=no)
07:20:46 [INFO] main: [GALAUSDT] no qualifying setup
07:20:46 [INFO] main: [XANUSDT] fetching candles 15m/1h/4h
07:20:48 [INFO] main: [XANUSDT] enriched [15m,1h,4h] price=0.008818 ADX=60.9 RSI=56.5 vol=0.05x
07:20:48 [INFO] strategies.confluence_engine: [XANUSDT] votes: EMA_RSI=∅(no EMA cross/continuation) BREAKOUT=∅(no break (price=0.008818 S=0.00867 R=0.00968)) MTF_TREND=∅(4H trend neutral) SR_BOUNCE=∅(price not near SR (Δsup=1.7% Δres=9.8%))
07:20:48 [INFO] main: [XANUSDT] no qualifying setup
07:20:48 [INFO] main: [1000BONKUSDT] fetching candles 15m/1h/4h
07:20:51 [INFO] main: [1000BONKUSDT] enriched [15m,1h,4h] price=0.006416 ADX=18.5 RSI=73.5 vol=1.02x
07:20:51 [INFO] strategies.confluence_engine: [1000BONKUSDT] votes: EMA_RSI=∅(no EMA cross/continuation) BREAKOUT=∅(no break (price=0.006416 S=0.006286 R=0.00660848)) MTF_TREND=∅(MTF up aligned, no entry trigger on 15m) SR_BOUNCE=∅(price not near SR (Δsup=1.8% Δres=3.0%))
07:20:51 [INFO] main: [1000BONKUSDT] no qualifying setup
07:20:51 [INFO] main: [BLESSUSDT] fetching candles 15m/1h/4h
07:20:53 [INFO] main: [BLESSUSDT] enriched [15m,1h,4h] price=0.006406 ADX=11.4 RSI=48.3 vol=0.18x
07:20:53 [INFO] strategies.confluence_engine: [BLESSUSDT] SR_BOUNCE → LONG conf=0.60 | Bounce off support 0.006371 | RSI=48.3 | vol=0.2x
07:20:53 [INFO] strategies.confluence_engine: [BLESSUSDT] votes: EMA_RSI=∅(ADX=11.4 ≤ 16) BREAKOUT=∅(no break (price=0.006406 S=0.006371 R=0.006478)) MTF_TREND=∅(MTF aligned but ADX=11.4 ≤ 16) SR_BOUNCE=LONG(0.60)
07:20:53 [INFO] strategies.confluence_engine: [BLESSUSDT] reject — no confluence (L=1 S=0 need ≥2; solo_SR=no solo_trend=no)
07:20:53 [INFO] main: [BLESSUSDT] no qualifying setup
07:20:53 [INFO] main: [JCTUSDT] fetching candles 15m/1h/4h
07:20:55 [INFO] main: [JCTUSDT] enriched [15m,1h,4h] price=0.002898 ADX=45.6 RSI=55.6 vol=0.61x
07:20:55 [INFO] strategies.confluence_engine: [JCTUSDT] SR_BOUNCE → SHORT conf=0.50 | Reject at resistance 0.002923 | RSI=55.6 | vol=0.6x
07:20:55 [INFO] strategies.confluence_engine: [JCTUSDT] votes: EMA_RSI=∅(no EMA cross/continuation) BREAKOUT=∅(no break (price=0.002898 S=0.002821 R=0.002923)) MTF_TREND=∅(4H trend neutral) SR_BOUNCE=SHORT(0.50)
07:20:55 [INFO] strategies.confluence_engine: [JCTUSDT] reject — no confluence (L=0 S=1 need ≥2; solo_SR=no solo_trend=no)
07:20:55 [INFO] main: [JCTUSDT] no qualifying setup
07:20:55 [INFO] main: [TRUUSDT] fetching candles 15m/1h/4h
07:20:56 [INFO] main: [TRUUSDT] enriched [15m,1h,4h] price=0.003 ADX=30.2 RSI=45.4 vol=0.03x
07:20:56 [INFO] strategies.confluence_engine: [TRUUSDT] votes: EMA_RSI=∅(short trigger but RSI=45.4 ≥ 45) BREAKOUT=∅(no break (price=0.003 S=0.00291 R=0.0031)) MTF_TREND=∅(MTF down aligned, no entry trigger on 15m) SR_BOUNCE=∅(price not near SR (Δsup=3.3% Δres=3.3%))
07:20:56 [INFO] main: [TRUUSDT] no qualifying setup
07:20:56 [INFO] main: [PENGUUSDT] fetching candles 15m/1h/4h
07:20:57 [INFO] main: [PENGUUSDT] enriched [15m,1h,4h] price=0.0096 ADX=31.1 RSI=81.2 vol=1.68x
07:20:57 [INFO] strategies.confluence_engine: [PENGUUSDT] votes: EMA_RSI=∅(no EMA cross/continuation) BREAKOUT=∅(no break (price=0.0096 S=0.008982 R=0.009888)) MTF_TREND=∅(MTF up aligned, no entry trigger on 15m) SR_BOUNCE=∅(price not near SR (Δsup=6.4% Δres=3.0%))
07:20:57 [INFO] main: [PENGUUSDT] no qualifying setup
07:20:57 [INFO] main: [BOMEUSDT] fetching candles 15m/1h/4h
07:20:58 [INFO] main: [BOMEUSDT] enriched [15m,1h,4h] price=0.000533 ADX=17.6 RSI=72.7 vol=1.38x
07:20:58 [INFO] strategies.confluence_engine: [BOMEUSDT] votes: EMA_RSI=∅(no EMA cross/continuation) BREAKOUT=∅(no break (price=0.000533 S=0.000523 R=0.00054899)) MTF_TREND=∅(MTF up aligned, no entry trigger on 15m) SR_BOUNCE=∅(at support but RSI=72.7 ≥ 55)
07:20:58 [INFO] main: [BOMEUSDT] no qualifying setup
07:20:58 [INFO] main: [MEMEUSDT] fetching candles 15m/1h/4h
07:21:00 [INFO] main: [MEMEUSDT] enriched [15m,1h,4h] price=0.000581 ADX=17.4 RSI=63.8 vol=0.53x
07:21:00 [INFO] strategies.confluence_engine: [MEMEUSDT] SR_BOUNCE → SHORT conf=0.50 | Reject at resistance 0.000585 | RSI=63.8 | vol=0.5x
07:21:00 [INFO] strategies.confluence_engine: [MEMEUSDT] votes: EMA_RSI=∅(no EMA cross/continuation) BREAKOUT=∅(no break (price=0.000581 S=0.000575 R=0.00059843)) MTF_TREND=∅(MTF up aligned, no entry trigger on 15m) SR_BOUNCE=SHORT(0.50)
07:21:00 [INFO] strategies.confluence_engine: [MEMEUSDT] reject — no confluence (L=0 S=1 need ≥2; solo_SR=no solo_trend=no)
07:21:00 [INFO] main: [MEMEUSDT] no qualifying setup
07:21:00 [INFO] main: [GPSUSDT] fetching candles 15m/1h/4h
07:21:02 [INFO] main: [GPSUSDT] enriched [15m,1h,4h] price=0.00676 ADX=45.7 RSI=30.1 vol=0.19x
07:21:02 [INFO] strategies.confluence_engine: [GPSUSDT] votes: EMA_RSI=∅(no EMA cross/continuation) BREAKOUT=∅(no break (price=0.00676 S=0.0066 R=0.00707)) MTF_TREND=∅(4H trend neutral) SR_BOUNCE=∅(price not near SR (Δsup=2.4% Δres=4.6%))
07:21:02 [INFO] main: [GPSUSDT] no qualifying setup
07:21:02 [INFO] main: ━━ Scan complete ━━
07:21:45 [INFO] main: ━━ Scan start: 12 pairs ━━
07:21:45 [INFO] main: [1000PEPEUSDT] fetching candles 15m/1h/4h
07:21:49 [INFO] main: [1000PEPEUSDT] enriched [15m,1h,4h] price=0.0039676 ADX=22.0 RSI=72.0 vol=0.70x
07:21:49 [INFO] strategies.confluence_engine: [1000PEPEUSDT] votes: EMA_RSI=∅(no EMA cross/continuation) BREAKOUT=∅(no break (price=0.0039676 S=0.0039041 R=0.00408663)) MTF_TREND=∅(MTF up aligned, no entry trigger on 15m) SR_BOUNCE=∅(price not near SR (Δsup=1.6% Δres=3.0%))
07:21:49 [INFO] main: [1000PEPEUSDT] no qualifying setup
07:21:49 [INFO] main: [FIGHTUSDT] fetching candles 15m/1h/4h
07:21:51 [INFO] main: [FIGHTUSDT] enriched [15m,1h,4h] price=0.003941 ADX=29.4 RSI=45.1 vol=0.52x
07:21:51 [INFO] strategies.confluence_engine: [FIGHTUSDT] votes: EMA_RSI=∅(no EMA cross/continuation) BREAKOUT=∅(no break (price=0.003941 S=0.003859 R=0.003995)) MTF_TREND=∅(MTF up aligned, no entry trigger on 15m) SR_BOUNCE=∅(price not near SR (Δsup=2.1% Δres=1.1%))
07:21:51 [INFO] main: [FIGHTUSDT] no qualifying setup
07:21:51 [INFO] main: [GALAUSDT] fetching candles 15m/1h/4h
07:21:53 [INFO] main: [GALAUSDT] enriched [15m,1h,4h] price=0.00345 ADX=18.6 RSI=67.5 vol=0.44x
07:21:53 [INFO] strategies.confluence_engine: [GALAUSDT] SR_BOUNCE → SHORT conf=0.60 | Reject at resistance 0.003470 | RSI=67.5 | vol=0.4x
07:21:53 [INFO] strategies.confluence_engine: [GALAUSDT] votes: EMA_RSI=∅(no EMA cross/continuation) BREAKOUT=∅(no break (price=0.00345 S=0.00341 R=0.0035535)) MTF_TREND=∅(MTF up aligned, no entry trigger on 15m) SR_BOUNCE=SHORT(0.60)
07:21:53 [INFO] strategies.confluence_engine: [GALAUSDT] reject — no confluence (L=0 S=1 need ≥2; solo_SR=no solo_trend=no)
07:21:53 [INFO] main: [GALAUSDT] no qualifying setup
07:21:53 [INFO] main: [XANUSDT] fetching candles 15m/1h/4h
07:21:55 [INFO] main: [XANUSDT] enriched [15m,1h,4h] price=0.008869 ADX=61.0 RSI=58.6 vol=0.15x
07:21:55 [INFO] strategies.confluence_engine: [XANUSDT] votes: EMA_RSI=∅(no EMA cross/continuation) BREAKOUT=∅(no break (price=0.008869 S=0.00867 R=0.00968)) MTF_TREND=∅(4H trend neutral) SR_BOUNCE=∅(price not near SR (Δsup=2.2% Δres=9.1%))
07:21:55 [INFO] main: [XANUSDT] no qualifying setup
07:21:55 [INFO] main: [1000BONKUSDT] fetching candles 15m/1h/4h
07:21:58 [INFO] main: [1000BONKUSDT] enriched [15m,1h,4h] price=0.006423 ADX=18.5 RSI=74.3 vol=1.12x
07:21:58 [INFO] strategies.confluence_engine: [1000BONKUSDT] votes: EMA_RSI=∅(no EMA cross/continuation) BREAKOUT=∅(no break (price=0.006423 S=0.006286 R=0.00661569)) MTF_TREND=∅(MTF up aligned, no entry trigger on 15m) SR_BOUNCE=∅(price not near SR (Δsup=1.9% Δres=3.0%))
07:21:58 [INFO] main: [1000BONKUSDT] no qualifying setup
07:21:58 [INFO] main: [BLESSUSDT] fetching candles 15m/1h/4h
07:22:00 [INFO] main: [BLESSUSDT] enriched [15m,1h,4h] price=0.006414 ADX=11.3 RSI=49.1 vol=0.27x
07:22:00 [INFO] strategies.confluence_engine: [BLESSUSDT] SR_BOUNCE → LONG conf=0.50 | Bounce off support 0.006371 | RSI=49.1 | vol=0.3x
07:22:00 [INFO] strategies.confluence_engine: [BLESSUSDT] votes: EMA_RSI=∅(ADX=11.3 ≤ 16) BREAKOUT=∅(no break (price=0.006414 S=0.006371 R=0.006478)) MTF_TREND=∅(4H down but 1H not confirming) SR_BOUNCE=LONG(0.50)
07:22:00 [INFO] strategies.confluence_engine: [BLESSUSDT] reject — no confluence (L=1 S=0 need ≥2; solo_SR=no solo_trend=no)
07:22:00 [INFO] main: [BLESSUSDT] no qualifying setup
07:22:00 [INFO] main: [JCTUSDT] fetching candles 15m/1h/4h
07:22:03 [INFO] main: [JCTUSDT] enriched [15m,1h,4h] price=0.002899 ADX=45.6 RSI=55.8 vol=0.87x
07:22:03 [INFO] strategies.confluence_engine: [JCTUSDT] SR_BOUNCE → SHORT conf=0.50 | Reject at resistance 0.002923 | RSI=55.8 | vol=0.9x
07:22:03 [INFO] strategies.confluence_engine: [JCTUSDT] votes: EMA_RSI=∅(no EMA cross/continuation) BREAKOUT=∅(no break (price=0.002899 S=0.002821 R=0.002923)) MTF_TREND=∅(4H trend neutral) SR_BOUNCE=SHORT(0.50)
07:22:03 [INFO] strategies.confluence_engine: [JCTUSDT] reject — no confluence (L=0 S=1 need ≥2; solo_SR=no solo_trend=no)
07:22:03 [INFO] main: [JCTUSDT] no qualifying setup
07:22:03 [INFO] main: [TRUUSDT] fetching candles 15m/1h/4h
07:22:04 [INFO] main: [TRUUSDT] enriched [15m,1h,4h] price=0.003 ADX=30.2 RSI=45.4 vol=0.03x
07:22:04 [INFO] strategies.confluence_engine: [TRUUSDT] votes: EMA_RSI=∅(short trigger but RSI=45.4 ≥ 45) BREAKOUT=∅(no break (price=0.003 S=0.00291 R=0.0031)) MTF_TREND=∅(MTF down aligned, no entry trigger on 15m) SR_BOUNCE=∅(price not near SR (Δsup=3.3% Δres=3.3%))
07:22:04 [INFO] main: [TRUUSDT] no qualifying setup
07:22:04 [INFO] main: [PENGUUSDT] fetching candles 15m/1h/4h
07:22:05 [INFO] main: [PENGUUSDT] enriched [15m,1h,4h] price=0.009599 ADX=31.1 RSI=81.1 vol=1.76x
07:22:05 [INFO] strategies.confluence_engine: [PENGUUSDT] votes: EMA_RSI=∅(no EMA cross/continuation) BREAKOUT=∅(no break (price=0.009599 S=0.008982 R=0.00988697)) MTF_TREND=∅(MTF up aligned, no entry trigger on 15m) SR_BOUNCE=∅(price not near SR (Δsup=6.4% Δres=3.0%))
07:22:05 [INFO] main: [PENGUUSDT] no qualifying setup
07:22:05 [INFO] main: [BOMEUSDT] fetching candles 15m/1h/4h
07:22:06 [INFO] main: [BOMEUSDT] enriched [15m,1h,4h] price=0.000532 ADX=17.6 RSI=71.4 vol=1.40x
07:22:06 [INFO] strategies.confluence_engine: [BOMEUSDT] votes: EMA_RSI=∅(no EMA cross/continuation) BREAKOUT=∅(no break (price=0.000532 S=0.000523 R=0.00054796)) MTF_TREND=∅(MTF up aligned, no entry trigger on 15m) SR_BOUNCE=∅(at support but RSI=71.4 ≥ 55)
07:22:06 [INFO] main: [BOMEUSDT] no qualifying setup
07:22:06 [INFO] main: [MEMEUSDT] fetching candles 15m/1h/4h
07:22:07 [INFO] main: [MEMEUSDT] enriched [15m,1h,4h] price=0.000582 ADX=17.4 RSI=65.8 vol=0.58x
07:22:07 [INFO] strategies.confluence_engine: [MEMEUSDT] votes: EMA_RSI=∅(no EMA cross/continuation) BREAKOUT=∅(no break (price=0.000582 S=0.000575 R=0.00059946)) MTF_TREND=∅(MTF up aligned, no entry trigger on 15m) SR_BOUNCE=∅(SR-bounce filters not met)
07:22:07 [INFO] main: [MEMEUSDT] no qualifying setup
07:22:07 [INFO] main: [GPSUSDT] fetching candles 15m/1h/4h
07:22:08 [INFO] main: [GPSUSDT] enriched [15m,1h,4h] price=0.00676 ADX=45.7 RSI=30.1 vol=0.30x
07:22:08 [INFO] strategies.confluence_engine: [GPSUSDT] votes: EMA_RSI=∅(no EMA cross/continuation) BREAKOUT=∅(no break (price=0.00676 S=0.0066 R=0.00707)) MTF_TREND=∅(4H trend neutral) SR_BOUNCE=∅(price not near SR (Δsup=2.4% Δres=4.6%))
07:22:08 [INFO] main: [GPSUSDT] no qualifying setup
07:22:08 [INFO] main: ━━ Scan complete ━━
07:22:28 [INFO] main: Shutting down bot...
07:22:28 [INFO] main: Final stats: {'balance': 10000.0, 'peak_balance': 10000.0, 'total_trades': 0, 'win_rate': 0, 'avg_win': 0, 'avg_loss': 0, 'daily_pnl': 0.0, 'drawdown_pct': 0.0, 'consecutive_losses': 0, 'open_positions': 0, 'trading_halted': False, 'halt_reason': ''}
07:25:49 [INFO] agent.strategy_agent: agent: fresh state, no prior at data/agent_state.json
07:25:49 [INFO] strategies.confluence_engine: ConfluenceEngine ready: strategies=['EMA_RSI', 'BREAKOUT', 'MTF_TREND', 'SR_BOUNCE'] hype_strict=False agent_arms=0 agent_trades=0
07:26:00 [INFO] agent.strategy_agent: agent: fresh state, no prior at data/agent_state.json
07:26:00 [INFO] execution.trade_executor: [PAPER] 1R partial: TEST LONG closed 50 @ 102 (net=$+43.0410) | remaining=50 | SL→BE
07:26:00 [INFO] execution.trade_executor: ➖ [PAPER] BREAKEVEN: TEST LONG entry=100 exit=99.99 net=$-13.3537 (incl. $+43.0410 1R partial) (-0.13%)
07:28:28 [INFO] agent.strategy_agent: agent: fresh state, no prior at data/agent_state.json
07:28:28 [INFO] execution.trade_executor: [PAPER] 1R partial: TEST LONG closed 50 @ 102 (net=$+43.0410) | remaining=50 | SL→smart-BE 99.1509
07:28:28 [INFO] execution.trade_executor: ➖ [PAPER] BREAKEVEN: TEST LONG entry=100 exit=99.1409 net=$-55.3582 (incl. $+43.0410 1R partial) (-0.55%)
07:28:28 [INFO] execution.trade_executor: [PAPER] 1R partial: TEST SHORT closed 50 @ 98 (net=$+44.1590) | remaining=50 | SL→smart-BE 100.871
07:28:28 [INFO] execution.trade_executor: ➖ [PAPER] BREAKEVEN: TEST SHORT entry=100 exit=100.881 net=$-55.8391 (incl. $+44.1590 1R partial) (-0.56%)
07:29:17 [INFO] agent.strategy_agent: agent: fresh state, no prior at data/agent_state.json
07:29:17 [INFO] execution.trade_executor: [PAPER] 1R partial: TEST LONG closed 50 @ 102 (net=$+43.0410) | remaining=50 | SL→smart-BE 100.313
07:29:17 [INFO] execution.trade_executor: ✅ [PAPER] BREAKEVEN: TEST LONG entry=100 exit=100.312 net=$+2.5798 (incl. $+43.0410 1R partial) (+0.03%)
07:29:17 [INFO] execution.trade_executor: [PAPER] 1R partial: TEST LONG closed 50 @ 102 (net=$+43.0410) | remaining=50 | SL→smart-BE 100.313
07:29:17 [INFO] execution.trade_executor: ✅ [PAPER] TAKE_PROFIT: TEST LONG entry=100 exit=104 net=$+185.0230 (incl. $+43.0410 1R partial) (+1.85%)
07:29:17 [INFO] execution.trade_executor: [PAPER] 1R partial: TEST SHORT closed 50 @ 98 (net=$+44.1590) | remaining=50 | SL→smart-BE 99.7093
07:29:17 [INFO] execution.trade_executor: ✅ [PAPER] BREAKEVEN: TEST SHORT entry=100 exit=99.7103 net=$+2.7535 (incl. $+44.1590 1R partial) (+0.03%)
07:29:51 [INFO] main: Initializing bot in PAPER mode (balance=$10,000.00)
07:29:51 [INFO] agent.strategy_agent: agent: fresh state, no prior at data/agent_state.json
07:29:51 [INFO] strategies.confluence_engine: ConfluenceEngine ready: strategies=['EMA_RSI', 'BREAKOUT', 'MTF_TREND', 'SR_BOUNCE'] hype_strict=False agent_arms=0 agent_trades=0
07:29:51 [INFO] main: Discovering live fees from CoinSwitch API…
07:29:53 [INFO] main: Fee discovery: no usable response → using FeeModel(config): taker=0.05% maker=0.05% gst=18.0% tds=1.0% mode=sell_only → round-trip ≈ 1.118%
07:29:53 [INFO] main: Bot started. Press Ctrl+C to stop.
07:29:53 [INFO] main: ━━ Scan start: 12 pairs ━━
07:29:53 [INFO] main: [1000PEPEUSDT] fetching candles 15m/1h/4h
07:29:56 [INFO] main: [1000PEPEUSDT] enriched [15m,1h,4h] price=0.0039711 ADX=22.1 RSI=72.7 vol=1.28x
07:29:56 [INFO] strategies.confluence_engine: [1000PEPEUSDT] votes: EMA_RSI=∅(no EMA cross/continuation) BREAKOUT=∅(no break (price=0.0039711 S=0.0039041 R=0.00409023)) MTF_TREND=∅(MTF up aligned, no entry trigger on 15m) SR_BOUNCE=∅(price not near SR (Δsup=1.7% Δres=3.0%))
07:29:56 [INFO] main: [1000PEPEUSDT] no qualifying setup
07:29:56 [INFO] main: [FIGHTUSDT] fetching candles 15m/1h/4h
07:29:58 [INFO] main: [FIGHTUSDT] enriched [15m,1h,4h] price=0.003958 ADX=29.4 RSI=46.8 vol=0.87x
07:29:58 [INFO] strategies.confluence_engine: [FIGHTUSDT] SR_BOUNCE → LONG conf=0.50 | Bounce off support 0.003933 | RSI=46.8 | vol=0.9x
07:29:58 [INFO] strategies.confluence_engine: [FIGHTUSDT] votes: EMA_RSI=∅(no EMA cross/continuation) BREAKOUT=∅(no break (price=0.003958 S=0.003933 R=0.003995)) MTF_TREND=∅(MTF up aligned, no entry trigger on 15m) SR_BOUNCE=LONG(0.50)
07:29:58 [INFO] strategies.confluence_engine: [FIGHTUSDT] reject — no confluence (L=1 S=0 need ≥2; solo_SR=no solo_trend=no)
07:29:58 [INFO] main: [FIGHTUSDT] no qualifying setup
07:29:58 [INFO] main: [GALAUSDT] fetching candles 15m/1h/4h
07:29:59 [INFO] main: [GALAUSDT] enriched [15m,1h,4h] price=0.00344 ADX=18.6 RSI=64.2 vol=0.89x
07:29:59 [INFO] strategies.confluence_engine: [GALAUSDT] SR_BOUNCE → SHORT conf=0.60 | Reject at resistance 0.003460 | RSI=64.2 | vol=0.9x
07:29:59 [INFO] strategies.confluence_engine: [GALAUSDT] votes: EMA_RSI=∅(no EMA cross/continuation) BREAKOUT=∅(no break (price=0.00344 S=0.00341 R=0.0035432)) MTF_TREND=∅(MTF up aligned, no entry trigger on 15m) SR_BOUNCE=SHORT(0.60)
07:29:59 [INFO] strategies.confluence_engine: [GALAUSDT] reject — no confluence (L=0 S=1 need ≥2; solo_SR=no solo_trend=no)
07:29:59 [INFO] main: [GALAUSDT] no qualifying setup
07:29:59 [INFO] main: [XANUSDT] fetching candles 15m/1h/4h
07:30:02 [INFO] main: [XANUSDT] enriched [15m,1h,4h] price=0.008965 ADX=61.4 RSI=61.9 vol=1.13x
07:30:02 [INFO] strategies.confluence_engine: [XANUSDT] votes: EMA_RSI=∅(no EMA cross/continuation) BREAKOUT=∅(no break (price=0.008965 S=0.00867 R=0.00968)) MTF_TREND=∅(4H trend neutral) SR_BOUNCE=∅(price not near SR (Δsup=3.3% Δres=8.0%))
07:30:02 [INFO] main: [XANUSDT] no qualifying setup
07:30:02 [INFO] main: [1000BONKUSDT] fetching candles 15m/1h/4h
07:30:04 [INFO] main: [1000BONKUSDT] enriched [15m,1h,4h] price=0.006421 ADX=18.5 RSI=74.1 vol=1.71x
07:30:04 [INFO] strategies.confluence_engine: [1000BONKUSDT] votes: EMA_RSI=∅(no EMA cross/continuation) BREAKOUT=∅(no break (price=0.006421 S=0.006286 R=0.00661363)) MTF_TREND=∅(MTF up aligned, no entry trigger on 15m) SR_BOUNCE=∅(price not near SR (Δsup=1.9% Δres=3.0%))
07:30:04 [INFO] main: [1000BONKUSDT] no qualifying setup
07:30:04 [INFO] main: [BLESSUSDT] fetching candles 15m/1h/4h
07:30:06 [INFO] main: [BLESSUSDT] enriched [15m,1h,4h] price=0.00644 ADX=10.8 RSI=51.8 vol=0.00x
07:30:07 [INFO] strategies.confluence_engine: [BLESSUSDT] SR_BOUNCE → LONG conf=0.50 | Bounce off support 0.006387 | RSI=51.8 | vol=0.0x
07:30:07 [INFO] strategies.confluence_engine: [BLESSUSDT] votes: EMA_RSI=∅(ADX=10.8 ≤ 16) BREAKOUT=∅(no break (price=0.00644 S=0.006387 R=0.006478)) MTF_TREND=∅(4H down but 1H not confirming) SR_BOUNCE=LONG(0.50)
07:30:07 [INFO] strategies.confluence_engine: [BLESSUSDT] reject — no confluence (L=1 S=0 need ≥2; solo_SR=no solo_trend=no)
07:30:07 [INFO] main: [BLESSUSDT] no qualifying setup
07:30:07 [INFO] main: [JCTUSDT] fetching candles 15m/1h/4h
07:30:10 [INFO] main: [JCTUSDT] enriched [15m,1h,4h] price=0.002916 ADX=43.8 RSI=58.9 vol=0.00x
07:30:10 [INFO] strategies.confluence_engine: [JCTUSDT] votes: EMA_RSI=∅(no EMA cross/continuation) BREAKOUT=∅(no break (price=0.002916 S=0.002821 R=0.002971)) MTF_TREND=∅(4H trend neutral) SR_BOUNCE=∅(price not near SR (Δsup=3.3% Δres=1.9%))
07:30:10 [INFO] main: [JCTUSDT] no qualifying setup
07:30:10 [INFO] main: [TRUUSDT] fetching candles 15m/1h/4h
07:30:11 [INFO] main: [TRUUSDT] enriched [15m,1h,4h] price=0.003 ADX=30.6 RSI=45.4 vol=0.00x
07:30:11 [INFO] strategies.confluence_engine: [TRUUSDT] votes: EMA_RSI=∅(no EMA cross/continuation) BREAKOUT=∅(no break (price=0.003 S=0.00291 R=0.0031)) MTF_TREND=∅(MTF down aligned, no entry trigger on 15m) SR_BOUNCE=∅(price not near SR (Δsup=3.3% Δres=3.3%))
07:30:11 [INFO] main: [TRUUSDT] no qualifying setup
07:30:11 [INFO] main: [PENGUUSDT] fetching candles 15m/1h/4h
07:30:12 [INFO] main: [PENGUUSDT] enriched [15m,1h,4h] price=0.009647 ADX=33.9 RSI=82.1 vol=0.07x
07:30:12 [INFO] strategies.confluence_engine: [PENGUUSDT] votes: EMA_RSI=∅(no EMA cross/continuation) BREAKOUT=∅(no break (price=0.009647 S=0.008982 R=0.00993641)) MTF_TREND=∅(MTF up aligned, no entry trigger on 15m) SR_BOUNCE=∅(price not near SR (Δsup=6.9% Δres=3.0%))
07:30:12 [INFO] main: [PENGUUSDT] no qualifying setup
07:30:12 [INFO] main: [BOMEUSDT] fetching candles 15m/1h/4h
07:30:13 [INFO] main: [BOMEUSDT] enriched [15m,1h,4h] price=0.000532 ADX=18.0 RSI=71.4 vol=0.00x
07:30:13 [INFO] strategies.confluence_engine: [BOMEUSDT] votes: EMA_RSI=∅(no EMA cross/continuation) BREAKOUT=∅(no break (price=0.000532 S=0.000523 R=0.00054796)) MTF_TREND=∅(MTF up aligned, no entry trigger on 15m) SR_BOUNCE=∅(at support but RSI=71.4 ≥ 55)
07:30:13 [INFO] main: [BOMEUSDT] no qualifying setup
07:30:13 [INFO] main: [MEMEUSDT] fetching candles 15m/1h/4h
07:30:15 [INFO] main: [MEMEUSDT] enriched [15m,1h,4h] price=0.000582 ADX=17.4 RSI=65.8 vol=0.00x
07:30:15 [INFO] strategies.confluence_engine: [MEMEUSDT] SR_BOUNCE → SHORT conf=0.60 | Reject at resistance 0.000585 | RSI=65.8 | vol=0.0x
07:30:15 [INFO] strategies.confluence_engine: [MEMEUSDT] votes: EMA_RSI=∅(no EMA cross/continuation) BREAKOUT=∅(no break (price=0.000582 S=0.000575 R=0.00059946)) MTF_TREND=∅(MTF up aligned, no entry trigger on 15m) SR_BOUNCE=SHORT(0.60)
07:30:15 [INFO] strategies.confluence_engine: [MEMEUSDT] reject — no confluence (L=0 S=1 need ≥2; solo_SR=no solo_trend=no)
07:30:15 [INFO] main: [MEMEUSDT] no qualifying setup
07:30:15 [INFO] main: [GPSUSDT] fetching candles 15m/1h/4h
07:30:16 [INFO] main: [GPSUSDT] enriched [15m,1h,4h] price=0.00674 ADX=46.3 RSI=28.5 vol=0.00x
07:30:16 [INFO] strategies.confluence_engine: [GPSUSDT] votes: EMA_RSI=∅(no EMA cross/continuation) BREAKOUT=∅(no break (price=0.00674 S=0.0066 R=0.00707)) MTF_TREND=∅(4H trend neutral) SR_BOUNCE=∅(price not near SR (Δsup=2.1% Δres=4.9%))
07:30:16 [INFO] main: [GPSUSDT] no qualifying setup
07:30:16 [INFO] main: ━━ Scan complete ━━
07:30:32 [INFO] main: Shutting down bot...
07:30:32 [INFO] main: Final stats: {'balance': 10000.0, 'peak_balance': 10000.0, 'total_trades': 0, 'win_rate': 0, 'avg_win': 0, 'avg_loss': 0, 'daily_pnl': 0.0, 'drawdown_pct': 0.0, 'consecutive_losses': 0, 'open_positions': 0, 'trading_halted': False, 'halt_reason': ''}
